Name,Age,OVA,POT,Team_Position,Best_Position,Attacking,Skill,Defending,Goalkeeping,°¸Total Stats,Club
A. Ramsdale GK,23,78,84,GK,GK,110,129,49,390,1340,Arsenal
T. Tomiyasu RB,22,77,85,RB,CB,263,292,236,45,1800,Arsenal
B. White CB,23,77,86,RCB,CB,244,261,236,42,1686,Arsenal
Gabriel CB,23,80,86,LCB,CB,254,262,244,50,1717,Arsenal
K. Tierney LB,24,80,86,LB,LWB,309,351,230,62,2086,Arsenal
B. Saka RM LM,19,80,88,RM,LM,336,373,201,50,2049,Arsenal
T. Partey CDM CM,28,84,84,RCM,CDM,351,391,244,49,2162,Arsenal
A. Sambi Lokonga CM CDM,21,74,83,LCM,CM,318,373,204,49,1960,Arsenal
E. Smith Rowe LM CAM,20,78,87,LM,CAM,313,359,98,51,1805,Arsenal
A. Lacazette ST CF,30,82,82,CF,ST,384,383,116,37,2048,Arsenal
P. Aubameyang ST,32,84,84,ST,ST,394,380,85,48,2039,Arsenal
M. ?degaard CAM CM,22,82,88,SUB,CAM,365,419,165,62,2094,Arsenal
N. P®¶p®¶ RM,26,80,81,SUB,RM,358,392,100,50,1998,Arsenal
Gabriel Martinelli LM,20,76,87,SUB,RM,349,324,127,35,1883,Arsenal
R. Holding CB,25,77,79,SUB,CB,254,262,238,62,1709,Arsenal
C. Chambers RB CB,26,75,76,SUB,CB,320,320,226,56,1920,Arsenal
Nuno Tavares LB,21,72,82,SUB,LWB,276,326,193,52,1886,Arsenal
B. Leno GK,29,82,83,SUB,GK,91,116,60,405,1353,Arsenal
A. Maitland-Niles CDM,23,75,80,SUB,RWB,296,322,220,54,1980,Arsenal
Pablo Mar®™ CB,27,75,76,SUB,CB,251,224,223,52,1585,Arsenal
M. Elneny CDM CM,28,76,76,SUB,CDM,299,345,220,55,1948,Arsenal
F. Balogun ST LM,19,65,82,SUB,ST,283,257,49,57,1545,Arsenal
C®¶dric RB LB,29,75,75,SUB,RB,314,350,217,60,2000,Arsenal
E. Nketiah ST,22,73,80,RES,ST,320,284,56,47,1707,Arsenal
S. Kola?inac LB CB,28,75,75,RES,LB,321,311,217,56,1966,Arsenal
G. Xhaka CDM CM,28,79,79,RES,CDM,317,383,207,46,1959,Arsenal
A. Okonkwo GK,19,61,77,RES,GK,63,75,38,297,953,Arsenal
J. Olayinka CM CAM LM,20,60,72,RES,RM,272,293,144,38,1670,Arsenal
J. Ideho LM RM CF,17,62,79,RES,RM,264,274,114,39,1523,Arsenal
C. C?rjan CM RM,18,62,78,RES,CAM,274,317,149,62,1634,Arsenal
T. Akinola CDM CM,20,62,79,RES,CDM,246,279,186,63,1681,Arsenal
Z. Monlouis CB,17,60,75,RES,CB,198,198,191,38,1399,Arsenal
C. Patino CM CDM,17,62,85,RES,CDM,253,289,183,52,1658,Arsenal
J. Dixon GK,27,63,66,GK,GK,89,108,38,311,1011,Bolton
L. Gordon LB LWB,22,59,69,RWB,LB,204,231,160,43,1498,Bolton
W. Aimson CB,27,63,65,RCB,CB,188,170,191,52,1402,Bolton
Ricardo Santos CB,26,66,70,CB,CB,214,200,195,61,1479,Bolton
G. Johnston CB,22,65,75,LCB,CB,215,247,195,40,1542,Bolton
D. John LB,26,66,69,LWB,LB,274,297,182,48,1790,Bolton
K. Lee CM CDM,33,66,66,RCM,CM,315,289,189,55,1793,Bolton
G. Thomason CM CDM,20,63,74,LCM,CM,244,281,172,56,1662,Bolton
E. Kachunga RW RM ST,29,67,67,RW,ST,326,292,129,47,1808,Bolton
E. Doyle ST,33,66,66,ST,ST,318,295,66,71,1710,Bolton
D. Afolayan LW LM,23,67,73,LW,RM,290,306,140,56,1762,Bolton
N. Delfouneso ST CAM,30,62,62,SUB,RW,297,272,75,45,1582,Bolton
X. Amaechi RW LW,20,62,76,SUB,LM,243,269,70,56,1480,Bolton
A. Pettifer CM,17,51,70,SUB,CAM,218,244,114,52,1386,Bolton
M. Tweedley CM,17,50,74,SUB,CAM,213,235,125,56,1394,Bolton
A. Baptiste CB,35,65,65,SUB,CB,232,201,191,52,1509,Bolton
M. Conway LB LWB,17,52,71,SUB,LB,180,193,150,42,1308,Bolton
M. Gilks GK,39,61,61,SUB,GK,88,91,46,300,1058,Bolton
J. Sheehan CM CDM,26,66,69,SUB,CM,257,328,182,64,1854,Bolton
G. Jones RB,25,65,68,SUB,RB,259,274,179,60,1733,Bolton
L. Isgrove RW RM,28,65,65,SUB,RW,271,277,93,48,1627,Bolton
M. Williams CDM,25,65,69,SUB,CDM,255,276,189,46,1645,Bolton
A. Bakayoko ST RW,25,64,69,SUB,ST,297,234,126,57,1667,Bolton
H. Brockbank RB CB,22,60,67,RES,CB,203,218,176,57,1486,Bolton
A. Tutte CDM CM,30,62,62,RES,CDM,282,300,186,53,1753,Bolton
F. Lockett LW,18,54,73,RES,RM,217,220,91,46,1328,Bolton
R. Colvin CB,18,51,66,RES,CB,158,142,153,50,1204,Bolton
M. Henry ST,17,50,71,RES,ST,209,201,45,49,1304,Bolton
J. Pickford GK,27,83,85,GK,GK,121,144,53,414,1490,Everton
S. Coleman RB,32,78,78,RB,RB,342,339,239,50,2029,Everton
B. Godfrey CB RB LB,23,77,85,RCB,CB,275,267,231,50,1847,Everton
M. Keane CB,28,80,81,LCB,CB,302,284,243,56,1817,Everton
L. Digne LB,27,83,83,LB,LB,369,401,234,46,2217,Everton
A. Townsend RM RW,29,77,77,RM,RM,342,388,110,59,1964,Everton
Allan CDM CM,30,82,82,RCM,CDM,338,354,249,44,2108,Everton
A. Doucour®¶ CM CDM,28,79,79,LCM,CDM,363,323,232,68,2109,Everton
Richarlison ST LW LM,24,82,87,LM,ST,391,369,151,51,2127,Everton
D. Gray LM CAM,25,76,79,CAM,CAM,300,351,118,51,1804,Everton
D. Calvert-Lewin ST,24,81,85,ST,ST,381,321,92,50,1961,Everton
S. Rond®Æn ST,31,76,76,SUB,ST,365,331,75,52,1887,Everton
Andr®¶ Gomes CM CDM,27,77,77,SUB,CM,346,386,204,49,1994,Everton
A. Iwobi RM LM,25,76,78,SUB,CAM,307,335,110,58,1812,Everton
T. Davies CM CDM,23,75,78,SUB,CM,312,352,210,56,1952,Everton
A. Gordon LM CAM,20,69,83,SUB,RM,287,324,97,40,1677,Everton
M. Holgate CB RB,24,77,80,SUB,CB,298,301,232,58,1883,Everton
A. Begovi? GK,34,75,75,SUB,GK,83,104,41,369,1203,Everton
F. Delph CDM CM LB,31,75,75,SUB,CDM,323,347,221,50,2016,Everton
Y. Mina CB,26,79,81,SUB,CB,297,260,242,51,1753,Everton
J. Branthwaite CB,19,66,82,SUB,CB,216,193,198,52,1417,Everton
J. Kenny RB RWB,24,74,75,SUB,RB,284,317,217,63,1915,Everton
J. Gbamin CDM CM,25,76,76,SUB,CDM,310,346,227,56,1989,Everton
C. Tosun ST,30,74,74,RES,ST,357,350,82,59,1893,Everton
A. Lonergan GK,37,64,64,RES,GK,85,88,43,308,1058,Everton
G. Siguresson CAM CM,31,79,79,RES,CAM,378,410,173,58,2055,Everton
K. John RB RM,20,64,76,RES,RB,248,259,189,48,1636,Everton
R. Astley CB,19,62,78,RES,CB,237,219,193,50,1465,Everton
E. Simms ST,20,65,78,RES,ST,292,274,62,57,1623,Everton
L. Dobbin ST,18,57,76,RES,ST,252,239,50,38,1396,Everton
T. Onyango CM,18,60,81,RES,CM,254,266,154,43,1572,Everton
E. Iversen CM,20,57,71,RES,CM,246,260,169,52,1563,Everton
H. Hagan CB,18,53,69,RES,CB,177,162,154,59,1263,Everton
N. Baxter GK,22,65,73,GK,GK,78,102,37,329,1024,Hull
D. Bernard CB RB,20,67,80,RCB,CB,230,231,197,50,1594,Hull
S. McLoughlin CB,24,64,69,CB,CB,224,227,191,42,1473,Hull
J. Greaves CB,20,67,76,LCB,CB,209,231,199,52,1534,Hull
R. Smallwood CDM,30,66,66,CDM,CDM,288,280,194,58,1737,Hull
R. Longman RM LM ST,20,66,76,RM,RM,286,283,104,56,1689,Hull
G. Honeyman CAM CM,26,70,71,RCM,CM,311,343,202,60,1962,Hull
G. Docherty CDM CM,24,69,73,LCM,CM,303,318,198,60,1915,Hull
K. Lewis-Potter LM LW,20,69,79,LM,RM,315,306,76,57,1726,Hull
M. Wilks RM RW ST,22,69,77,RS,LM,296,265,57,48,1666,Hull
J. Magennis ST,30,68,68,LS,ST,317,258,141,59,1766,Hull
T. Smith ST,22,61,70,SUB,ST,262,246,53,49,1470,Hull
G. Moncur CAM CM LM,27,67,67,SUB,CAM,303,341,139,54,1759,Hull
M. Smith CDM,21,67,77,SUB,CM,273,324,183,53,1825,Hull
A. Cannon CM CAM,25,65,70,SUB,CAM,284,307,186,49,1808,Hull
C. Elder LB CB,26,69,71,SUB,LB,262,312,194,61,1745,Hull
A. Jones CB CDM,23,65,74,SUB,CB,237,253,195,55,1605,Hull
M. Ingram GK,27,67,71,SUB,GK,80,93,39,339,1040,Hull
L. Coyle RB RM,25,68,71,SUB,RB,261,275,191,51,1743,Hull
J. Emmanuel RB RM,23,67,73,SUB,RWB,247,276,187,58,1711,Hull
R. Williams RM,24,66,72,SUB,LM,286,299,164,56,1828,Hull
T. Eaves ST,29,65,65,SUB,ST,289,239,104,49,1579,Hull
T. Huddlestone CDM,34,67,67,SUB,CDM,349,351,185,48,1769,Hull
B. Fleming LB LM,21,62,71,RES,LB,226,261,175,48,1561,Hull
H. Cartwright GK,19,56,71,RES,GK,60,74,26,277,842,Hull
W. Jarvis ST,18,53,68,RES,ST,229,216,67,52,1332,Hull
J. Mills CB,17,54,70,RES,CB,172,159,174,52,1247,Hull
J. Hinds ST,18,53,68,RES,ST,240,237,78,51,1400,Hull
T. Nixon RB RM,18,53,69,RES,RB,189,199,154,47,1318,Hull
O. Green CM,18,52,67,RES,LWB,226,263,153,49,1463,Hull
L. Daniels GK,33,68,68,GK,GK,89,105,52,339,1245,Middlesbrough
I. Jones LM RM RWB,22,64,74,RWB,LM,263,270,68,51,1485,Middlesbrough
P. McNair CB CDM CM,26,72,77,RCB,CB,306,323,219,55,1934,Middlesbrough
S. Bamba CB,36,70,70,CB,CB,193,208,210,49,1335,Middlesbrough
D. Fry CB,23,73,79,LCB,CB,240,223,220,51,1586,Middlesbrough
M. Bola LWB LB,23,70,75,LWB,LWB,239,251,206,64,1651,Middlesbrough
M. Crooks CM CAM ST,27,70,70,RCM,CM,296,309,197,44,1838,Middlesbrough
J. Howson CM CDM CB,33,70,70,CM,CM,326,335,209,60,1949,Middlesbrough
M. Tavernier RM CAM CM,22,71,80,LCM,LM,304,315,118,49,1741,Middlesbrough
A. ?porar ST,27,74,75,RS,ST,354,309,44,43,1756,Middlesbrough
D. Watmore ST RM,27,68,68,LS,RW,313,297,109,58,1755,Middlesbrough
U. Ikpeazu ST,26,66,68,SUB,ST,283,245,66,52,1578,Middlesbrough
M. Payero CM,22,72,79,SUB,CM,316,362,181,34,1905,Middlesbrough
O. Hern®¢ndez LM LWB,28,71,71,SUB,LM,302,296,95,59,1750,Middlesbrough
J. L®¶a Siliki CM LM,25,71,76,SUB,CM,330,358,209,57,1991,Middlesbrough
A. Dijksteel RWB RB CB,24,70,75,SUB,RWB,236,266,205,53,1681,Middlesbrough
L. Peltier CB RB,34,68,68,SUB,CB,251,269,213,51,1651,Middlesbrough
J. Lumley GK,26,67,71,SUB,GK,85,88,59,334,1140,Middlesbrough
S. Ameobi RM LM,29,71,71,SUB,RM,313,335,77,46,1722,Middlesbrough
G. Hall CB,29,69,69,SUB,CB,230,202,202,62,1553,Middlesbrough
D. Fisher RWB RB,27,71,72,SUB,RWB,225,242,213,56,1642,Middlesbrough
M. Browne LM RM,23,67,73,SUB,RM,261,319,80,58,1664,Middlesbrough
D. Stojanovi? GK,27,67,68,SUB,GK,94,87,42,327,1073,Middlesbrough
N. Wood CB,19,62,80,RES,CB,183,179,189,61,1389,Middlesbrough
J. Coburn ST,18,57,73,RES,ST,251,200,51,49,1339,Middlesbrough
B. James GK,21,54,66,RES,GK,70,79,42,262,889,Middlesbrough
C. Malley CAM CM,21,53,66,RES,CAM,248,236,80,50,1355,Middlesbrough
S. Brynn GK,20,53,67,RES,GK,59,65,36,268,868,Middlesbrough
T. Olusanya ST LM,23,59,66,RES,ST,246,223,55,44,1371,Middlesbrough
W. Kokolo LWB LB,21,53,67,RES,LWB,169,181,155,61,1310,Middlesbrough
R. Hoffmann GK,22,67,77,GK,GK,69,77,37,333,935,Sunderland
C. Winchester RB CM,28,66,66,RB,RB,284,308,173,53,1852,Sunderland
B. Wright CB,28,67,67,RCB,CB,236,215,197,69,1567,Sunderland
C. Doyle CB,17,65,81,LCB,CB,214,233,194,45,1537,Sunderland
D. Cirkin LB,19,63,77,LB,LB,238,248,187,52,1554,Sunderland
L. O'Nien CDM,26,67,70,RDM,RWB,297,301,193,55,1913,Sunderland
D. Neil CDM LB,19,60,77,LDM,CDM,249,259,173,48,1604,Sunderland
L. Gooch RM,25,66,68,RM,CAM,293,312,164,59,1822,Sunderland
N. Broadhead LM LW,23,62,70,LM,CAM,293,298,88,39,1585,Sunderland
A. Pritchard CAM,28,68,68,CAM,CAM,308,355,142,58,1798,Sunderland
R. Stewart ST,24,66,70,ST,ST,295,285,63,57,1572,Sunderland
A. O'Brien ST LM,27,65,65,SUB,RM,309,291,104,55,1732,Sunderland
C. Evans CDM CM,30,66,66,SUB,CDM,277,281,194,61,1709,Sunderland
L. Dajaku RM,20,66,78,SUB,CAM,290,300,57,54,1617,Sunderland
E. Embleton CAM RM,22,63,71,SUB,CAM,269,302,158,53,1724,Sunderland
T. Flanagan CB,29,66,66,SUB,CB,237,227,195,50,1528,Sunderland
N. Huggins LB RB CM,20,62,75,SUB,RM,264,243,161,68,1651,Sunderland
L. Burge GK,28,66,66,SUB,GK,89,104,53,325,1130,Sunderland
A. McGeady LM,35,69,69,SUB,CAM,330,359,111,50,1818,Sunderland
D. Hume LB LWB,22,64,71,SUB,LWB,233,236,176,41,1574,Sunderland
F. Alves CB,21,62,74,SUB,CB,202,188,186,48,1359,Sunderland
A. Xhemajli CB,23,62,70,SUB,CB,188,153,190,55,1290,Sunderland
J. Willis CB,26,65,67,SUB,CB,203,238,194,47,1572,Sunderland
O. Younger CB,21,58,66,RES,CB,189,164,176,64,1324,Sunderland
B. Kimpioka RM LM,21,56,68,RES,RM,235,242,101,51,1385,Sunderland
A. Patterson GK,21,55,65,RES,GK,53,61,32,282,854,Sunderland
S. Wearne CAM RM,20,54,67,RES,CAM,237,262,121,35,1446,Sunderland
E. Taylor LM LB,18,51,72,RES,LM,216,215,117,38,1312,Sunderland
?. Fabia®Ωski GK,36,82,82,GK,GK,75,98,39,400,1261,West Ham
V. Coufal RB RWB,28,80,80,RB,RB,337,339,237,56,2079,West Ham
C. Dawson CB,31,77,77,RCB,CB,291,246,234,34,1736,West Ham
K. Zouma CB,26,81,84,LCB,CB,299,301,241,59,1905,West Ham
A. Cresswell LB CB,31,79,79,LB,LB,330,375,235,51,2057,West Ham
T. Sou?ek CDM CM,26,82,85,RDM,CDM,365,343,242,43,2110,West Ham
D. Rice CDM CM,22,82,87,LDM,CDM,300,345,243,47,1996,West Ham
J. Bowen RM ST,24,78,83,RM,LM,347,366,125,53,1948,West Ham
Pablo Fornals LM RM CAM,25,79,82,LM,CM,352,381,213,54,2060,West Ham
S. Benrahma CAM LM,25,78,81,CAM,CAM,334,373,100,53,1891,West Ham
M. Antonio ST,31,80,80,ST,ST,385,353,160,57,2123,West Ham
N. Vla?i? CAM,23,80,86,SUB,CAM,365,384,146,58,2044,West Ham
M. Lanzini CAM CM LM,28,76,76,SUB,CAM,336,388,88,51,1857,West Ham
M. Noble CM CDM CAM,34,75,75,SUB,CM,339,367,220,54,1987,West Ham
A. Yarmolenko RM RW ST,31,75,75,SUB,CF,376,391,102,39,1924,West Ham
I. Diop CB,24,77,83,SUB,CB,258,242,234,46,1677,West Ham
B. Johnson RB LB,21,68,78,SUB,RB,248,274,198,56,1659,West Ham
A. Areola GK,28,81,83,SUB,GK,117,106,43,401,1370,West Ham
R. Fredericks RB RWB,28,75,75,SUB,RB,299,311,217,55,1914,West Ham
A. Masuaku LB LWB,27,76,76,SUB,LB,332,349,215,39,2001,West Ham
A. Ogbonna CB,33,80,80,SUB,CB,258,280,245,21,1733,West Ham
A. Kr®¢l CDM CM,23,75,83,SUB,CDM,346,337,212,57,2070,West Ham
A. Okoflex LM ST CAM,19,59,78,SUB,CAM,253,269,66,50,1493,West Ham
J. Baptiste CB RB,17,57,78,RES,CB,199,196,170,58,1363,West Ham
D. Randolph GK,34,74,74,RES,GK,90,110,43,361,1193,West Ham
D. Martin GK,35,65,65,RES,GK,98,105,39,322,1152,West Ham
D. Chesters RM CAM,19,56,68,RES,CAM,227,268,89,37,1411,West Ham
H. Ashby RB,19,59,73,RES,RB,211,240,160,51,1505,West Ham
Bernardo Rosa CAM RWB CM,20,55,67,RES,CAM,217,257,139,55,1470,West Ham
M®¶saque Dj®≤ RM ST,22,56,65,RES,ST,246,220,67,46,1435,West Ham
A. Alese CB LB,20,57,70,RES,CB,197,189,167,50,1398,West Ham
P. Ekwah Elimby CDM CB,19,56,73,RES,CB,206,255,166,63,1466,West Ham
O. Ashley CM,21,52,64,RES,RM,219,230,123,56,1458,West Ham
A. Odubeko ST,18,60,78,SUB,ST,266,236,59,47,1456,West Ham
F. Alves CB,21,62,74,SUB,CB,202,188,186,48,1359,West Ham
Gon?alo Cardoso CB,20,65,75,SUB,CB,198,193,197,52,1408,West Ham
J. Anang GK,21,62,74,SUB,GK,66,66,34,306,947,West Ham
C. Coventry CM CDM,21,60,74,SUB,CM,234,276,157,52,1610,West Ham
N. Trott GK,22,64,74,GK,GK,69,106,38,323,1035,West Ham
N. Holland LW,23,64,73,SUB,RM,246,289,71,44,1517,West Ham
E. Mart∑Änez GK,28,84,85,GK,GK,127,141,51,418,1449,Aston Villa
M. Cash RB RWB,23,78,83,RB,RB,311,317,225,65,1971,Aston Villa
E. Konsa CB RB,23,78,84,RCB,CB,272,290,236,55,1838,Aston Villa
T. Mings CB,28,78,80,LCB,CB,291,300,234,52,1849,Aston Villa
M. Targett LB LWB,25,77,80,LB,LB,295,356,221,58,1906,Aston Villa
M. Nakamba CDM CM,27,75,76,CDM,CDM,252,292,229,57,1870,Aston Villa
J. McGinn CM CDM,26,78,79,RCM,CM,345,368,213,56,2106,Aston Villa
J. Ramsey CM CAM,20,70,84,LCM,CAM,270,313,170,49,1776,Aston Villa
E. Buend∑Äa RM RW,24,79,84,RW,CAM,356,395,196,50,2064,Aston Villa
O. Watkins ST,25,78,83,ST,ST,362,329,122,58,1961,Aston Villa
L. Bailey RM RW LW,23,82,86,LW,LM,357,392,88,60,2011,Aston Villa
D. Ings ST,28,81,81,SUB,ST,381,362,117,57,2055,Aston Villa
B. Traor≤â RM RW,25,77,77,SUB,RM,360,388,117,50,1967,Aston Villa
Douglas Luiz CDM CM,23,77,84,SUB,CDM,331,359,223,48,1997,Aston Villa
A. El Ghazi LM RW LW,26,76,77,SUB,ST,363,358,83,54,1890,Aston Villa
C. Chukwuemeka CAM,17,64,84,SUB,CAM,277,307,146,54,1624,Aston Villa
K. Hause CB,25,75,78,SUB,CB,268,244,220,69,1730,Aston Villa
J. Steer GK,28,72,72,SUB,GK,85,81,35,355,1182,Aston Villa
A. Tuanzebe CB,23,74,81,SUB,CB,265,288,221,43,1805,Aston Villa
L. Bogarde CB LB,17,58,81,SUB,CB,250,268,175,53,1570,Aston Villa
M. Sanson CM,26,76,77,SUB,CAM,359,374,213,56,2113,Aston Villa
J. Philogene-Bidace RM RW,19,60,78,SUB,CAM,275,279,88,47,1463,Aston Villa
Trezeguet RM RW LM,26,75,75,SUB,RM,328,352,109,50,1845,Aston Villa
K. Davis ST,23,69,76,RES,ST,314,267,105,44,1719,Aston Villa
A. Young LB LWB,35,77,77,RES,LB,359,380,218,72,2094,Aston Villa
C. Chukwuemeka ST RW LW,19,57,74,RES,ST,245,232,42,56,1429,Aston Villa
B. Chrisene LB LWB,17,53,78,RES,LM,222,249,135,42,1472,Aston Villa
C. Archer ST,19,60,77,RES,ST,268,248,61,43,1455,Aston Villa
V. Sinisalo GK,19,55,72,RES,GK,60,73,29,279,841,Aston Villa
S. Swinkels CB,17,56,76,RES,CB,192,158,169,53,1313,Aston Villa
H. Lindley CDM CM RB,18,57,71,RES,RM,248,263,164,53,1601,Aston Villa
®¶. Mendy GK,29,85,87,GK,GK,78,117,34,419,1205,Chelsea
R. James RWB RB,21,82,87,RWB,RWB,360,395,237,51,2178,Chelsea
A. Christensen CB,25,82,86,RCB,CB,272,296,252,44,1775,Chelsea
Thiago Silva CB,36,85,85,CB,CB,322,350,257,45,2023,Chelsea
A. R®πdiger CB,28,83,84,LCB,CB,291,293,253,59,1900,Chelsea
Marcos Alonso LWB LB,30,80,80,LWB,LWB,396,403,229,50,2144,Chelsea
N. Kant®¶ CDM CM,30,90,90,RCM,CDM,325,337,269,54,2179,Chelsea
Jorginho CM CDM,29,85,85,LCM,CM,358,406,219,56,2133,Chelsea
M. Mount CAM RW,22,83,89,RW,CAM,381,414,152,56,2105,Chelsea
R. Lukaku ST,28,88,88,ST,ST,409,374,101,54,2061,Chelsea
K. Havertz CAM CF ST,22,84,92,LW,CAM,395,386,123,47,2038,Chelsea
T. Werner ST LW,25,84,87,SUB,ST,389,349,78,50,2012,Chelsea
H. Ziyech RW CAM,28,83,83,SUB,RW,373,424,140,51,2076,Chelsea
C. Pulisic LW RW LM,22,82,88,SUB,RM,344,359,117,63,1955,Chelsea
M. Kova?i? CM,27,83,84,SUB,CM,342,409,209,34,2125,Chelsea
Sa®≤l CM LM,26,82,83,SUB,CM,388,377,232,51,2199,Chelsea
Azpilicueta CB RWB,31,83,83,SUB,CB,334,351,254,43,2069,Chelsea
Kepa GK,26,79,83,SUB,GK,123,139,53,397,1299,Chelsea
B. Chilwell LWB LB,24,83,86,SUB,LWB,356,372,240,48,2113,Chelsea
C. Hudson-Odoi LW RW,20,78,86,SUB,CAM,337,377,129,58,1916,Chelsea
T. Chalobah CB CDM CM,21,76,82,SUB,CB,283,303,230,35,1796,Chelsea
R. Loftus-Cheek CM RM,25,75,78,SUB,CAM,324,354,179,58,1944,Chelsea
M. Sarr CB LB,22,74,78,SUB,CB,306,315,224,49,1886,Chelsea
M. Bettinelli GK,29,71,73,RES,GK,83,112,51,358,1102,Chelsea
R. Barkley CAM CM,27,78,78,RES,CAM,344,385,165,51,1996,Chelsea
H. Vale LW CAM,17,63,83,RES,CAM,290,300,118,64,1641,Chelsea
G. McEachran CM CDM,20,60,74,RES,CAM,252,303,156,44,1577,Chelsea
L. Baker CDM CM,26,70,74,RES,CM,333,361,191,49,1971,Chelsea
T. Uwakwe LWB,21,63,74,RES,LWB,261,276,173,56,1661,Chelsea
J. Brooking CB RWB,18,59,79,RES,CB,194,175,193,50,1363,Chelsea
C. Musonda RW LW,24,72,75,RES,CAM,297,352,66,36,1621,Chelsea
S. McClelland CB,19,56,73,RES,CB,193,173,169,46,1284,Chelsea
L. Bergstr?m GK,18,55,75,RES,GK,68,73,29,277,866,Chelsea
De Gea GK,30,86,86,GK,GK,114,139,59,412,1434,Man United
A. Wan-Bissaka RB,23,82,85,RB,RB,284,329,255,39,1985,Man United
V. Lindel?f CB,26,79,81,RCB,CDM,297,350,240,52,1966,Man United
H. Maguire CB,28,83,84,LCB,CB,313,323,243,62,1948,Man United
L. Shaw LB,25,83,85,LB,LB,343,367,243,49,2121,Man United
S. McTominay CDM CM,24,80,83,RDM,CDM,360,357,230,42,2103,Man United
Fred CDM,28,80,80,LDM,CDM,322,386,224,64,2157,Man United
M. Greenwood RM ST,19,79,90,RM,CAM,363,370,112,34,1970,Man United
M. Rashford LM ST,23,85,89,LM,CAM,384,400,116,53,2146,Man United
Bruno Fernandes CAM,26,88,89,CAM,CAM,412,429,207,63,2335,Man United
Cristiano Ronaldo ST LW,36,91,91,ST,ST,438,413,80,58,2202,Man United
E. Cavani ST,34,85,85,SUB,ST,404,357,132,53,2087,Man United
P. Pogba CM LM CDM,28,87,87,SUB,CM,397,437,189,20,2221,Man United
J. Sancho LM RM,21,86,90,SUB,CAM,372,401,103,52,1999,Man United
D. van de Beek CM CDM,24,80,85,SUB,CAM,375,382,218,51,2141,Man United
N. Mati? CDM,32,79,79,SUB,CDM,354,369,235,57,1966,Man United
J. Lingard CAM,28,79,79,SUB,CF,373,373,169,54,2097,Man United
D. Henderson GK,24,80,85,SUB,GK,78,113,43,396,1250,Man United
A. Martial ST LM,25,81,84,SUB,CAM,378,372,90,51,2000,Man United
Diogo Dalot RB LB,22,76,82,SUB,RWB,318,336,214,40,1993,Man United
R. Varane CB,28,86,88,SUB,CB,294,311,261,50,1935,Man United
E. Bailly CB,27,79,80,SUB,CB,270,281,237,55,1830,Man United
Alex Telles LB,28,81,81,SUB,LB,361,403,231,58,2231,Man United
Juan Mata CAM RM,33,77,77,RES,CAM,357,405,90,46,1856,Man United
A. Diallo RM,18,68,85,RES,CAM,282,317,66,53,1627,Man United
T. Heaton GK,35,75,75,RES,GK,89,110,44,373,1286,Man United
A. Elanga LM ST,19,66,82,RES,RM,300,307,76,49,1632,Man United
P. Jones CB,29,74,74,RES,CB,297,250,225,51,1703,Man United
L. Grant GK,38,65,65,RES,GK,108,121,52,328,1237,Man United
T. Mengi CB,19,64,82,RES,CB,229,257,184,45,1614,Man United
S. Shoretire RM LM,17,62,84,RES,CAM,273,277,103,36,1571,Man United
H. Mejbri CAM CM,18,62,84,RES,CAM,259,293,158,42,1643,Man United
D. Hoogewerf RM CF,18,60,78,RES,ST,278,255,62,45,1539,Man United
T. Kaminski GK,28,73,74,GK,GK,99,101,45,357,1231,Blackburn
R. Nyambe RB,23,72,78,RB,RB,258,275,208,59,1725,Blackburn
D. Lenihan CB,27,72,75,RCB,CB,271,248,218,53,1741,Blackburn
Daniel Ayala CB,30,71,71,LCB,CB,236,248,208,54,1627,Blackburn
H. Pickering LB,22,69,75,LB,LB,269,318,193,50,1803,Blackburn
L. Travis CDM CM,23,72,80,CDM,CDM,294,303,217,50,1878,Blackburn
J. Buckley CM CAM,21,70,79,RCM,CM,279,304,192,54,1862,Blackburn
J. Rothwell CM CAM,26,71,72,LCM,CAM,308,342,177,59,1887,Blackburn
T. Dolan RW ST,19,69,82,RW,RM,290,304,120,31,1692,Blackburn
S. Gallagher ST LW RW,25,70,71,ST,ST,334,280,124,60,1778,Blackburn
B. Brereton D√≠az ST LW RW,22,73,81,LW,ST,339,299,115,57,1837,Blackburn
D. Butterworth ST CAM LW,21,64,75,SUB,ST,258,245,106,46,1606,Blackburn
R. Khadra RW LW CAM,19,63,77,SUB,RM,281,297,127,53,1648,Blackburn
B. Johnson CDM CM,34,69,69,SUB,CB,328,323,200,50,1928,Blackburn
L. Clarkson CM CAM CDM,19,63,78,SUB,CAM,266,313,168,59,1690,Blackburn
T. Edun LB CM,23,66,74,SUB,LB,249,270,179,56,1762,Blackburn
S. Wharton CB,23,66,73,SUB,CB,219,220,193,60,1512,Blackburn
A. Pears GK,23,65,74,SUB,GK,66,75,34,317,924,Blackburn
B. Dack CAM CM,27,73,74,SUB,CAM,340,364,150,57,1966,Blackburn
I. Poveda RW RM,21,69,80,SUB,LM,260,272,102,42,1562,Blackburn
J. van Hecke CB,21,69,79,SUB,CB,229,305,209,40,1666,Blackburn
J. Davenport CDM CM,22,66,76,SUB,CDM,233,281,193,33,1643,Blackburn
J. Rankin-Costello RB LB,21,66,76,SUB,RWB,282,293,195,46,1747,Blackburn
H. Carter CB RB,21,65,73,RES,CB,190,197,195,50,1427,Blackburn
T. Magloire CB RB,22,61,69,RES,CB,191,182,180,41,1407,Blackburn
A. Stergiakis GK,22,64,74,RES,GK,78,97,28,326,988,Blackburn
C. McBride ST LW,20,61,74,RES,ST,266,272,50,42,1484,Blackburn
D. Pike RB LB,19,62,77,RES,RB,230,239,174,42,1532,Blackburn
J. Garrett CDM CM,18,61,78,RES,CDM,238,239,184,63,1580,Blackburn
L. Rae Cirino LB,18,58,76,RES,LB,210,231,157,47,1480,Blackburn
M. Rod®¢k GK,24,74,80,GK,GK,97,83,41,366,1177,Fulham
K. Tete RB,25,75,78,RB,RB,297,299,225,51,1876,Fulham
T. Adarabioyo CB,23,74,82,RCB,CB,237,236,226,53,1621,Fulham
T. Ream CB,33,70,70,LCB,CB,294,322,209,62,1787,Fulham
A. Robinson LB LWB,23,73,78,LB,LWB,279,295,206,59,1842,Fulham
J. Seri CDM CM,29,74,74,RDM,CM,322,393,203,58,2045,Fulham
H. Reed CDM CM,26,75,79,LDM,CDM,293,334,220,54,1953,Fulham
H. Wilson RM RW CAM,24,76,81,RM,CAM,345,387,133,51,1962,Fulham
N. Kebano LM LW,29,72,72,LM,LM,325,355,103,73,1844,Fulham
F. Carvalho CAM CM,18,69,86,CAM,CAM,283,318,98,47,1648,Fulham
A. Mitrovi? ST,26,76,77,ST,ST,332,282,62,53,1787,Fulham
Rodrigo Muniz ST,20,69,80,SUB,ST,312,282,84,61,1725,Fulham
B. Decordova-Reid RM CAM,28,74,74,SUB,RM,349,335,167,51,1982,Fulham
N. Chalobah CDM CM,26,74,76,SUB,CDM,313,314,215,52,1897,Fulham
J. Onomah CM CAM,24,69,76,SUB,CAM,305,327,171,50,1853,Fulham
J. Bryan LB LWB,27,74,74,SUB,LB,316,333,209,64,2031,Fulham
D. Odoi RB CB,33,70,70,SUB,RB,289,324,198,53,1872,Fulham
P. Gazzaniga GK,29,76,76,SUB,GK,106,158,58,390,1429,Fulham
T. Cairney CAM CM,30,75,75,SUB,CAM,357,381,179,46,1975,Fulham
Ivan Cavaleiro LM LW ST,27,73,73,SUB,LM,335,341,107,62,1898,Fulham
A. Mawson CB,27,70,72,SUB,CB,248,231,213,62,1541,Fulham
Domingos Quina CAM CM LM,21,71,81,SUB,CAM,285,337,136,49,1751,Fulham
A. Knockaert RM RW,29,71,71,SUB,RM,324,357,132,55,1921,Fulham
T. Kongolo CB LB,27,70,73,RES,CB,263,300,213,57,1777,Fulham
M. Hector CB,28,71,72,RES,CB,242,241,215,61,1666,Fulham
T. Francois CM,20,61,74,RES,CAM,241,283,171,61,1640,Fulham
Fabricio GK,33,73,73,RES,GK,100,134,47,361,1307,Fulham
S. Sessegnon RB LB,21,66,78,RES,RB,235,224,191,58,1548,Fulham
C. Christie RB RWB,28,71,71,RES,RB,286,293,199,55,1841,Fulham
J. Stansfield ST,18,62,81,RES,ST,259,234,62,43,1488,Fulham
Alisson GK,28,89,90,GK,GK,124,138,50,435,1393,Liverpool
T. Alexander-Arnold RB,22,87,90,RB,RB,370,426,240,56,2227,Liverpool
J. Matip CB,29,83,83,RCB,CB,301,302,256,53,1882,Liverpool
V. van Dijk CB,29,89,89,LCB,CB,316,362,270,58,2108,Liverpool
A. Robertson LB,27,87,88,LB,LB,324,393,248,50,2163,Liverpool
Fabinho CDM CB,27,86,87,CDM,CDM,344,365,258,47,2163,Liverpool
J. Henderson CDM CM,31,84,84,RCM,CDM,376,402,236,49,2198,Liverpool
Thiago CM CDM,30,86,86,LCM,CM,372,433,206,46,2199,Liverpool
Diogo Jota CF LW,24,83,88,CF,ST,390,377,155,54,2160,Liverpool
M. Salah RW,29,90,90,RW,RW,396,407,122,62,2217,Liverpool
S. Man®¶ LW,29,89,89,LW,LW,407,390,122,56,2191,Liverpool
Roberto Firmino CF,29,85,85,SUB,CF,396,401,161,44,2180,Liverpool
J. Milner CM LB RB,35,79,79,SUB,CDM,370,393,235,45,2135,Liverpool
C. Jones CM,20,75,86,SUB,CM,311,347,190,44,1936,Liverpool
J. Gomez CB,24,82,88,SUB,CB,271,275,249,49,1809,Liverpool
I. Konat®¶ CB,22,78,86,SUB,CB,247,264,240,49,1705,Liverpool
K. Tsimikas LB LWB,25,76,80,SUB,LB,290,353,218,51,1994,Liverpool
C. Kelleher GK,22,67,77,SUB,GK,73,83,42,331,1042,Liverpool
N. Ke?ta CM,26,80,83,SUB,CAM,332,380,194,59,2064,Liverpool
A. Oxlade-Chamberlain CM,27,78,78,SUB,CAM,327,373,208,49,2118,Liverpool
N. Phillips CB,24,73,79,SUB,CB,227,222,219,43,1544,Liverpool
D. Origi ST LW,26,76,79,SUB,ST,362,306,58,70,1845,Liverpool
H. Elliott RW CM,18,73,87,SUB,CAM,297,335,82,47,1687,Liverpool
N. Williams RB,20,68,82,RES,RWB,257,285,194,57,1671,Liverpool
Adri®¢n GK,34,74,74,RES,GK,76,99,51,364,1244,Liverpool
T. Minamino CF LW RW,26,75,76,RES,CAM,333,364,88,58,1924,Liverpool
L. Karius GK,28,74,74,RES,GK,98,106,33,364,1232,Liverpool
T. Clayton CB,20,57,73,RES,CB,195,193,171,46,1375,Liverpool
B. Koumetio CB,18,57,77,RES,CB,192,172,176,54,1302,Liverpool
E. Dixon-Bonner CDM,20,57,73,RES,CAM,251,263,162,44,1609,Liverpool
M. Boyes CB LB,20,57,72,RES,CB,221,241,172,34,1521,Liverpool
Marcelo Pitaluga GK,18,57,78,RES,GK,66,73,32,282,884,Liverpool
T. Morton CM CDM,18,59,77,RES,CAM,248,282,167,55,1625,Liverpool
M. D√∫bravka GK,32,80,80,GK,GK,93,127,48,395,1324,Newcastle
Manquillo RB RWB,27,74,75,RB,RB,273,326,220,60,1836,Newcastle
F. Sch√§r CB,29,75,76,RCB,CB,338,342,225,53,1991,Newcastle
J. Lascelles CB,27,76,78,LCB,CB,255,223,229,57,1617,Newcastle
M. Ritchie LWB LB,31,74,74,LB,LWB,336,372,206,61,2054,Newcastle
R. Fraser LM RM,27,74,74,RM,RW,303,370,140,61,1927,Newcastle
J. Willock CAM CM,21,75,83,RCM,CAM,342,334,182,46,1962,Newcastle
J. Shelvey CM CDM,29,75,75,LCM,CM,351,374,181,64,1984,Newcastle
A. Saint-Maximin LM ST,24,80,85,LM,RM,324,370,69,45,1866,Newcastle
C. Wilson ST,29,79,79,RS,ST,365,327,103,49,1953,Newcastle
Joelinton ST LM,24,74,78,LS,ST,329,297,115,56,1854,Newcastle
D. Gayle ST,30,72,72,SUB,ST,335,322,58,49,1769,Newcastle
S. Longstaff CM,23,72,79,SUB,CM,297,352,188,53,1861,Newcastle
F. Fern√°ndez CB,32,75,75,SUB,CB,234,260,229,63,1608,Newcastle
E. Krafth RB CB,26,73,74,SUB,RB,304,340,219,57,1904,Newcastle
J. Lewis LWB LB,23,73,80,SUB,LWB,298,311,213,44,1850,Newcastle
J. Murphy RWB RM,26,72,73,SUB,RM,302,353,190,58,1930,Newcastle
K. Darlow GK,30,75,75,SUB,GK,89,110,40,368,1265,Newcastle
M. Almir√≥n CAM CM RM,27,77,78,SUB,LM,337,369,158,53,1986,Newcastle
I. Hayden CDM CM CB,26,76,79,SUB,CDM,272,297,228,52,1863,Newcastle
J. Hendrick CM RM,29,73,73,SUB,CM,345,360,209,50,2018,Newcastle
C. Clark CB,31,75,75,SUB,CB,275,255,232,59,1735,Newcastle
F. Woodman GK,24,74,81,SUB,GK,92,93,51,361,1158,Newcastle
P. Dummett CB LB,29,74,74,RES,CB,279,309,231,63,1806,Newcastle
E. Anderson CAM,18,62,80,RES,CAM,276,297,107,40,1577,Newcastle
M. Gillespie GK,29,69,71,RES,GK,86,108,42,342,1136,Newcastle
S. Mu√±oz ST CAM,18,67,81,RES,ST,304,273,62,37,1640,Newcastle
M. Sangare CM,22,58,67,RES,CDM,246,257,168,52,1615,Newcastle
J. Young CM CDM,20,58,72,RES,CAM,232,302,156,46,1589,Newcastle
R. Savage CB,19,60,74,RES,CB,219,225,181,54,1484,Newcastle
C. Wiggett CB,18,59,77,RES,CB,224,241,179,43,1462,Newcastle
M. Bondswell LWB LM,19,60,73,RES,LWB,228,234,170,49,1491,Newcastle
D. Langley GK,20,59,76,RES,GK,59,71,32,293,874,Newcastle
A. Davies GK,28,71,73,GK,GK,77,75,47,346,1078,Stoke
T. Smith RWB RB,29,71,71,RWB,RWB,272,300,208,66,1790,Stoke
B. Wilmot CB,21,68,80,RCB,CB,203,232,208,54,1491,Stoke
D. Batth CB,30,70,70,CB,CB,193,171,207,49,1355,Stoke
J. Chester CB,32,70,70,LCB,CB,245,268,213,62,1675,Stoke
J. Tymon LWB LB LM,22,69,77,LWB,LWB,266,287,187,58,1762,Stoke
R. Sawyers CM CDM,29,72,72,RCM,CM,313,337,175,50,1864,Stoke
J. Allen CM CDM,31,70,70,CM,CDM,306,337,213,49,1960,Stoke
M. Vran?i? CAM CM CDM,32,72,72,LCM,CM,334,377,167,46,1899,Stoke
S. Fletcher ST,34,70,70,RS,ST,339,263,70,61,1697,Stoke
J. Brown ST RM,23,68,74,LS,ST,320,293,127,47,1813,Stoke
T. Campbell ST RM,21,70,82,SUB,ST,325,296,86,58,1760,Stoke
S. Surridge ST,22,67,75,SUB,ST,289,232,71,53,1558,Stoke
A. Sima RM ST,20,73,86,SUB,ST,356,306,116,44,1888,Stoke
S. Clucas CM CDM,30,72,72,SUB,CM,344,347,193,38,1973,Stoke
J. Thompson CM CDM,24,67,72,SUB,CM,268,302,185,49,1786,Stoke
L. ?stig?rd CB,21,70,80,SUB,CB,238,235,206,50,1648,Stoke
J. Bonham GK,27,65,67,SUB,GK,106,111,47,328,1142,Stoke
H. Souttar CB,22,72,79,SUB,CB,210,239,218,64,1508,Stoke
N. Powell CAM CM,27,73,74,SUB,CAM,347,348,148,61,1940,Stoke
J. Bursik GK,20,68,79,SUB,GK,117,207,46,333,1326,Stoke
M. Fox LWB LB CB,27,69,69,SUB,LWB,267,267,206,49,1678,Stoke
A. Doughty LWB LB,21,66,76,SUB,LWB,250,267,167,52,1625,Stoke
T. Ince RM RW ST,29,68,68,RES,RM,287,345,90,52,1702,Stoke
T. Oakley-Boothe CM CAM CDM,21,63,76,RES,CM,236,306,177,51,1615,Stoke
D. Duhaney RWB RB,22,62,71,RES,RWB,223,240,179,57,1545,Stoke
A. Porter CM,19,50,61,RES,CM,215,222,131,54,1407,Stoke
L. Macari CB RB,19,51,66,RES,CB,151,140,163,49,1204,Stoke
K. Coates RWB RB,19,56,73,RES,RB,188,194,169,52,1351,Stoke
D. Wright-Phillips RM,19,54,69,RES,ST,242,240,75,46,1347,Stoke
H. Lloris GK,34,87,87,GK,GK,90,108,59,408,1361,Tottenham
Emerson RWB RB,22,79,84,RWB,RWB,325,336,227,56,2034,Tottenham
C. Romero CB,23,82,87,RCB,CB,292,248,250,47,1837,Tottenham
E. Dier CB CDM,27,79,80,CB,CB,319,355,238,53,1968,Tottenham
B. Davies LWB LB CB,28,78,78,LCB,LWB,322,345,235,45,1974,Tottenham
Reguil√≥n LWB LB,24,81,84,LWB,LWB,330,347,235,51,2043,Tottenham
P. H√∏jbjerg CDM CM,25,82,84,RCM,CDM,339,380,238,50,2088,Tottenham
O. Skipp CDM CM,20,76,83,LCM,CDM,260,309,229,41,1817,Tottenham
Lucas Moura RW RM ST,28,81,81,RW,RW,356,377,118,54,2085,Tottenham
H. Kane ST,27,90,90,ST,ST,433,402,124,54,2203,Tottenham
H. Son LW LM ST,28,89,89,LW,LW,401,404,114,53,2140,Tottenham
S. Bergwijn LW LM CAM,23,80,83,SUB,CAM,369,373,120,64,2036,Tottenham
Bryan Gil LW LM CAM,20,77,87,SUB,LW,320,369,76,49,1715,Tottenham
T. Ndombele CM CAM,24,81,86,SUB,CAM,348,395,209,46,2118,Tottenham
G. Lo Celso CM CAM RM,25,80,84,SUB,CAM,365,410,205,56,2164,Tottenham
D. S√°nchez CB,25,79,81,SUB,CB,262,256,240,47,1777,Tottenham
J. Tanganga RWB RB CB,22,74,84,SUB,CB,271,286,223,53,1814,Tottenham
P. Gollini GK,26,81,85,SUB,GK,101,95,51,401,1260,Tottenham
D. Alli CAM CM ST,25,80,82,SUB,CAM,392,384,191,41,2123,Tottenham
M. Doherty RWB RB,29,77,77,SUB,RWB,336,327,223,55,1998,Tottenham
R. Sessegnon LB LWB LW,21,74,83,SUB,LM,328,316,202,39,1957,Tottenham
H. Winks CM CDM,25,77,80,SUB,CM,305,377,216,56,1979,Tottenham
D. Scarlett ST,17,64,86,SUB,ST,283,250,51,46,1519,Tottenham
J. Rodon CB,23,72,81,RES,CB,228,232,217,49,1533,Tottenham
J. Clarke RW RM,20,67,80,RES,RM,299,313,60,44,1613,Tottenham
N. John CAM CM RM,18,61,80,RES,CAM,267,306,127,35,1576,Tottenham
M. Fagan-Walcott CB,19,61,80,RES,CB,202,210,177,65,1469,Tottenham
H. White CDM LB,19,62,79,RES,LM,301,328,172,60,1796,Tottenham
M. Paskotsi RB,18,60,80,RES,RB,225,239,182,60,1512,Tottenham
A. Devine CAM LM CM,16,58,83,RES,CAM,251,269,159,53,1586,Tottenham
D. Markanday RW RM,19,60,78,RES,RM,251,279,70,54,1456,Tottenham
B. Austin GK,22,64,72,RES,GK,59,72,45,313,920,Tottenham
M. Lavinier RB CB,20,58,74,RES,CB,229,208,175,47,1467,Tottenham
S. Johnstone GK,28,77,80,GK,GK,87,102,59,378,1243,West Brom
D. Furlong RWB RB,25,72,75,RWB,RWB,267,281,208,55,1761,West Brom
C. Kipr√© CB,24,68,72,RCB,CB,207,193,201,47,1477,West Brom
K. Bartley CB,30,73,73,CB,CB,224,223,218,47,1489,West Brom
M. Clarke CB,24,72,76,LCB,CB,246,257,214,54,1659,West Brom
C. Townsend LWB LB CB,28,72,72,LWB,LWB,281,323,212,38,1812,West Brom
J. Livermore CDM CM,31,72,72,RCM,CDM,318,334,208,51,1919,West Brom
A. Mowatt CM,26,73,75,LCM,CM,335,367,195,63,2014,West Brom
G. Diangana RW LW LM,23,72,79,RW,LM,290,308,75,45,1665,West Brom
C. Robinson ST LW LM,26,73,76,ST,ST,336,313,84,60,1771,West Brom
K. Grant LW ST LM,23,73,78,LW,ST,334,314,87,63,1822,West Brom
M. Phillips RW RM,30,73,73,SUB,RW,324,338,128,66,1865,West Brom
R. Snodgrass RW RM CM,33,72,72,SUB,CAM,335,386,139,59,1938,West Brom
J. Hugill ST,29,70,70,SUB,ST,329,261,104,63,1767,West Brom
J. Molumby CM CDM,21,67,77,SUB,CM,262,294,182,46,1701,West Brom
S. Ajayi CB,27,72,73,SUB,CB,235,231,213,47,1670,West Brom
A. Reach LWB CM RW,28,70,70,SUB,LWB,329,316,192,49,1920,West Brom
D. Button GK,32,68,68,SUB,GK,101,116,35,335,1148,West Brom
D. O'Shea CB RB,22,71,78,SUB,CB,254,229,212,45,1600,West Brom
A. Palmer GK,24,66,72,SUB,GK,86,100,36,331,1016,West Brom
K. Zohore ST,27,69,69,SUB,ST,299,280,46,36,1559,West Brom
K. Bryan CB,24,66,73,SUB,CB,253,272,208,47,1704,West Brom
Quevin Castro CAM CM,19,60,75,SUB,CAM,261,283,101,60,1538,West Brom
R. Tulloch LW LM ST,20,61,77,RES,ST,272,286,64,44,1528,West Brom
T. Gardner-Hickman RWB RB,19,62,78,RES,RWB,257,282,169,56,1636,West Brom
R. Richards LW CAM,17,54,76,RES,CAM,222,248,84,43,1358,West Brom
E. Ingram RWB RB,18,57,73,RES,RWB,214,227,159,53,1431,West Brom
C. Taylor CB,18,56,71,RES,CB,174,158,167,42,1246,West Brom
T. Fellows RW ST,18,55,71,RES,RM,234,237,48,56,1369,West Brom
S. Shotton CB,20,53,68,RES,CB,157,154,160,55,1224,West Brom
Ederson GK,27,89,91,GK,GK,127,164,52,438,1583,Man City
K. Walker RB,31,85,85,RB,RB,339,388,243,57,2198,Man City
R√∫ben Dias CB,24,88,91,RCB,CB,284,308,264,47,1899,Man City
A. Laporte CB,27,86,88,LCB,CB,309,351,259,45,1976,Man City
Jo√£o Cancelo LB RB,27,86,87,LB,LB,378,403,242,58,2239,Man City
Rodri CDM,25,86,88,CDM,CDM,349,363,246,49,2105,Man City
K. De Bruyne CM CAM,30,91,91,RCM,CM,405,439,186,56,2299,Man City
Bernardo Silva CAM CM RW,26,86,87,LCM,LM,370,410,168,54,2148,Man City
P. Foden LW CAM CM,21,84,92,CF,CAM,345,390,164,52,2073,Man City
Gabriel Jesus ST RW,24,83,87,RW,ST,390,369,103,48,2077,Man City
J. Grealish LW LM CAM,25,84,85,LW,CAM,351,411,140,51,2027,Man City
R. Sterling LW RW,26,87,87,SUB,LW,356,391,147,63,2104,Man City
R. Mahrez RW RM,30,86,86,SUB,RW,370,419,98,54,2033,Man City
Ferran Torres RW ST,21,82,90,SUB,CAM,387,375,87,59,1996,Man City
ƒ∞. G√ºndoƒüan CM CDM,30,85,85,SUB,CM,371,426,218,48,2198,Man City
Fernandinho CDM CB,36,82,82,SUB,CDM,358,376,250,48,2126,Man City
J. Stones CB,27,83,86,SUB,CB,325,319,251,51,1968,Man City
Z. Steffen GK,26,78,83,SUB,GK,96,122,37,384,1325,Man City
O. Zinchenko LB CDM,24,79,82,SUB,CM,351,397,232,61,2142,Man City
N. Ak√© CB,26,78,81,SUB,CB,316,334,238,50,1986,Man City
S. Edozie LW,18,62,82,SUB,RM,256,276,89,50,1491,Man City
C. Palmer RW CAM,19,66,85,SUB,CAM,279,319,141,51,1708,Man City
L. Delap ST,18,64,85,SUB,ST,287,257,55,48,1561,Man City
S. Carson GK,35,67,67,RES,GK,89,88,45,332,1122,Man City
L. Bolton RB RWB RM,21,64,71,RES,RM,264,279,175,44,1726,Man City
L. Mbete CB,17,62,82,RES,CB,213,237,183,46,1490,Man City
J. McAtee CAM,18,61,81,RES,CAM,269,315,129,45,1568,Man City
R. Lavia CDM,17,62,85,RES,CB,230,275,194,43,1562,Man City
J. Braaf LW RW,18,64,84,RES,RM,281,295,112,58,1735,Man City
Iker Pozo CDM,20,57,72,RES,CM,226,258,158,48,1526,Man City
Kayky RW,18,66,87,RES,LM,269,283,85,64,1567,Man City
C. Slicker GK,18,50,67,RES,GK,56,77,31,247,797,Man City
J. Wilson-Esbrand LB,18,59,72,RES,LB,205,225,167,45,1482,Man City
B. Amos GK,31,67,67,GK,GK,67,82,40,334,1134,Wigan
M. Power RB CM CDM,27,67,67,RB,RB,306,321,193,53,1885,Wigan
J. Whatmough CB,24,67,72,RCB,CB,197,213,200,63,1500,Wigan
C. Tilt CB,29,65,65,LCB,CB,191,164,200,49,1430,Wigan
T. Darikwa RB LB RWB,29,67,67,LB,RB,259,278,188,54,1739,Wigan
T. Naylor CDM,30,69,69,RDM,CDM,293,292,200,48,1843,Wigan
T. Bayliss CDM,22,63,72,LDM,RM,273,319,175,43,1727,Wigan
G. Edwards LM RM,28,67,67,RM,LM,298,312,157,48,1784,Wigan
J. McClean LM LW LWB,32,69,69,LM,LM,325,329,189,68,1951,Wigan
W. Keane CAM,28,66,66,CAM,CAM,302,289,108,53,1727,Wigan
C. Lang RM ST,22,65,73,ST,RM,295,276,92,52,1658,Wigan
S. Humphrys ST,23,65,71,SUB,ST,292,283,95,53,1701,Wigan
J. Jones LM,26,67,67,SUB,LM,274,318,127,51,1705,Wigan
J. Cousins CDM,27,66,67,SUB,CDM,267,249,185,63,1779,Wigan
G. Massey LM RM,28,63,63,SUB,LM,279,296,118,67,1723,Wigan
K. Watts CB,21,65,76,SUB,CB,253,256,189,57,1637,Wigan
T. Pearce LB LWB,23,64,70,SUB,LWB,265,296,184,38,1701,Wigan
J. Jones GK,32,64,64,SUB,GK,81,90,34,319,1045,Wigan
C. Wyke ST,28,68,68,SUB,ST,316,292,98,65,1780,Wigan
T. Aasgaard CAM RM,19,62,74,SUB,CAM,246,282,110,43,1568,Wigan
J. Bennett LB,31,70,70,SUB,LB,288,304,202,49,1802,Wigan
J. Kerr CB,24,68,75,SUB,CB,254,257,195,65,1748,Wigan
L. Robinson LB LWB,19,58,73,SUB,LB,195,202,168,55,1402,Wigan
A. Long CB,20,58,73,RES,CB,184,199,172,51,1351,Wigan
S. Smith CM CDM,20,53,69,RES,CM,230,240,142,55,1497,Wigan
J. Carragher CB,18,53,72,RES,CB,158,151,157,56,1237,Wigan
T. Costello ST,18,52,70,RES,ST,205,191,53,45,1286,Wigan
S. Tickle GK,19,52,68,RES,GK,54,64,29,261,846,Wigan
G. Bazunu GK,19,67,84,GK,GK,49,72,39,336,996,Portsmouth
M. Romeo RB RWB,25,69,72,RB,RB,261,282,198,55,1778,Portsmouth
S. Raggett CB,27,66,68,RCB,CB,198,182,192,63,1405,Portsmouth
C. Ogilvie LB CB,25,66,69,LCB,LWB,267,288,192,63,1711,Portsmouth
L. Brown LB,30,65,65,LB,LB,275,303,190,48,1799,Portsmouth
J. Morrell CM CDM,24,67,72,RDM,CM,261,317,149,47,1738,Portsmouth
S. Williams CDM CM,34,66,66,LDM,CDM,316,330,196,51,1844,Portsmouth
R. Hackett RM LM CAM,23,64,73,RM,LM,285,295,100,59,1663,Portsmouth
R. Curtis LM ST,25,68,71,LM,RM,296,308,142,58,1845,Portsmouth
M. Harness RM CAM,25,67,70,CAM,RM,276,290,83,47,1620,Portsmouth
G. Hirst ST,22,64,74,ST,ST,268,207,82,58,1508,Portsmouth
J. Marquis ST,29,65,65,SUB,ST,289,268,111,54,1730,Portsmouth
R. Tunnicliffe CM,28,66,66,SUB,CM,299,302,192,53,1826,Portsmouth
M. Jacobs LM,29,65,65,SUB,LM,302,330,143,63,1820,Portsmouth
M. Azeez CM,18,62,82,SUB,RM,282,310,113,52,1643,Portsmouth
C. Robertson CB,27,67,69,SUB,CB,214,251,196,49,1581,Portsmouth
K. Freeman RB RWB CB,29,66,66,SUB,RB,299,269,196,65,1738,Portsmouth
A. Bass GK,23,65,72,SUB,GK,91,100,56,323,1230,Portsmouth
E. Harrison ST,27,64,65,SUB,ST,284,269,116,52,1743,Portsmouth
L. Thompson CM,26,64,67,SUB,CDM,266,292,191,43,1735,Portsmouth
G. Ahadme ST CF,20,62,74,SUB,ST,282,261,72,49,1543,Portsmouth
P. Downing CB,29,63,63,SUB,CB,232,210,186,56,1497,Portsmouth
L. Vincent LB,18,54,74,SUB,LB,191,251,136,55,1419,Portsmouth
H. Jewitt-White CM,17,52,74,RES,CAM,210,241,131,38,1401,Portsmouth
I. Kaba CB,16,50,73,RES,CB,146,148,150,51,1204,Portsmouth
H. Hughes LB CB,17,50,71,RES,LB,191,200,136,49,1259,Portsmouth
J. Reid RM LM ST,20,56,70,RES,ST,243,230,54,47,1418,Portsmouth
Jos®¶ S®¢ GK,28,80,82,GK,GK,94,89,48,386,1245,Wolves
N®¶lson Semedo RWB RB,27,80,80,RWB,RWB,301,316,231,64,2019,Wolves
M. Kilman CB,24,72,79,RCB,CB,260,280,224,48,1702,Wolves
C. Coady CB,28,79,81,CB,CDM,329,344,233,53,1928,Wolves
R. Sa?ss CB,31,79,79,LCB,CB,309,324,236,50,1925,Wolves
R. A?t Nouri LWB LB,20,73,84,LWB,LWB,281,319,215,60,1782,Wolves
R®≤ben Neves CM CDM,24,82,87,RCM,CM,366,412,228,56,2164,Wolves
Jo?o Moutinho CM,34,80,80,LCM,CM,380,409,210,69,2120,Wolves
Adama Traor®¶ RW LW ST,25,78,81,RW,RM,305,338,110,52,1910,Wolves
R. Jim®¶nez ST,30,83,83,ST,ST,403,367,113,55,2093,Wolves
Hwang Hee Chan ST,25,75,78,LW,ST,358,326,75,54,1895,Wolves
Trinc?o RW RM,21,76,85,SUB,CAM,338,370,101,42,1894,Wolves
F®¢bio Silva ST,18,70,83,SUB,ST,293,266,53,46,1614,Wolves
L. Dendoncker CM CB,26,77,80,SUB,CDM,370,371,231,56,2090,Wolves
Mar?al LWB LB,32,76,76,SUB,LWB,309,338,231,55,1960,Wolves
K. Hoever RWB RB,19,65,80,SUB,RWB,256,296,186,54,1669,Wolves
Y. Mosquera CB,20,64,81,SUB,CB,187,170,191,41,1410,Wolves
J. Ruddy GK,34,70,70,SUB,GK,69,83,33,349,1092,Wolves
Daniel Podence LW CAM RW,25,78,79,SUB,CAM,308,355,101,58,1860,Wolves
Bruno Jord?o CM,22,62,71,SUB,CAM,274,290,142,39,1642,Wolves
Pedro Neto LW RW,21,78,85,SUB,CAM,335,336,72,44,1842,Wolves
Jonny LWB,27,80,81,SUB,LWB,316,337,240,45,1987,Wolves
W. Boly CB,30,79,79,SUB,CB,260,288,236,49,1760,Wolves
C. Campbell CAM,18,58,78,RES,RM,259,287,130,48,1579,Wolves
L. Richards LWB LB,19,55,72,RES,CB,229,242,156,52,1503,Wolves
L. Cundle CM,19,56,76,RES,CAM,249,275,147,51,1574,Wolves
C. Carty ST,19,53,65,RES,ST,245,230,61,55,1383,Wolves
M. Shabani CAM,22,62,71,RES,CAM,268,296,105,47,1549,Wolves
Hugo Bueno LWB,18,60,78,RES,LWB,240,266,158,51,1543,Wolves
P. Estrada CDM CB,19,52,66,RES,CDM,219,258,153,43,1446,Wolves
R. Nya LWB CB RWB,21,58,70,RES,LWB,234,249,160,48,1559,Wolves
J. Hodge CDM CM,18,55,72,RES,CAM,229,251,146,48,1537,Wolves
M. Agboola CB,19,52,66,RES,CB,206,210,148,46,1434,Wolves
M. ?arki? GK,23,66,72,GK,GK,82,97,44,322,993,Birmingham
R. Woods CDM CM,27,70,72,RWB,RWB,290,328,198,60,1908,Birmingham
D. Sanderson CB RB,21,66,79,RCB,CB,245,233,199,39,1599,Birmingham
M. Roberts CB,30,70,70,CB,CB,193,199,206,65,1442,Birmingham
G. Friend CB LB LWB,33,69,69,LCB,CB,280,313,213,57,1797,Birmingham
J. Bela LM LWB RM,28,72,72,LWB,LM,332,347,94,60,1893,Birmingham
G. Gardner CM,29,69,69,RCM,CM,345,351,199,59,1963,Birmingham
I. ?unji? CDM CM,24,70,73,LCM,CB,280,259,215,53,1797,Birmingham
R. McGree CM RM CAM,22,70,77,CAM,CAM,322,343,185,47,1979,Birmingham
T. Deeney ST,33,73,73,RS,ST,352,319,93,64,1851,Birmingham
S. Hogan ST,29,69,69,LS,ST,305,277,76,47,1632,Birmingham
L. Jutkiewicz ST,32,69,69,SUB,ST,322,281,103,53,1758,Birmingham
J. Graham RM RWB,26,69,70,SUB,RM,283,346,95,63,1723,Birmingham
J. James CM,16,52,72,SUB,CM,205,236,145,48,1412,Birmingham
K. Pedersen CB LB LWB,26,72,73,SUB,CB,261,241,213,49,1682,Birmingham
H. Dean CB,29,71,71,SUB,CB,201,224,209,76,1550,Birmingham
J. Familia-Castillo LB CM,21,66,76,SUB,LM,288,295,173,47,1778,Birmingham
N. Etheridge GK,31,71,71,SUB,GK,77,110,39,346,1210,Birmingham
M. Colin RWB RB,29,73,73,SUB,RWB,256,314,212,56,1821,Birmingham
T. Chong LM CAM RM,21,70,80,SUB,LM,302,338,134,53,1784,Birmingham
Iv®¢n S®¢nchez RM LM CM,28,72,72,SUB,RM,290,345,104,51,1785,Birmingham
C. Aneke ST,27,67,67,SUB,ST,315,314,150,46,1766,Birmingham
M. Oakley RWB RB,18,56,72,SUB,RWB,221,207,163,59,1416,Birmingham
M. Roberts CB,20,56,69,RES,CB,179,185,169,57,1349,Birmingham
C. Trueman GK,25,65,69,RES,GK,109,132,75,321,1207,Birmingham
N. Gordon CB RB,19,58,71,RES,CB,184,158,177,43,1333,Birmingham
K. Simmonds ST LM RM,20,56,71,RES,ST,254,250,61,59,1426,Birmingham
A. George ST,18,52,70,RES,ST,211,195,50,51,1318,Birmingham
C. Boyd-Munce CM LWB,21,56,66,RES,CAM,234,261,137,65,1553,Birmingham
K. Hurst LM LWB,19,53,67,RES,LM,202,238,92,47,1322,Birmingham
N. Pope GK,29,82,82,GK,GK,81,99,43,403,1271,Burnley
M. Lowton RB,32,76,76,RB,RB,344,339,229,43,1996,Burnley
J. Tarkowski CB,28,80,81,RCB,CB,291,306,244,50,1857,Burnley
B. Mee CB,31,79,79,LCB,CB,263,259,243,58,1795,Burnley
C. Taylor LB,27,76,76,LB,LB,312,344,229,54,1959,Burnley
J. Gumundsson RM LM,30,75,75,RM,RM,359,382,178,45,2028,Burnley
A. Westwood CDM CM,31,78,78,RCM,CDM,334,389,225,51,2066,Burnley
J. Brownhill CM RM,25,76,79,LCM,CM,327,356,214,47,2028,Burnley
D. McNeil LM RM,21,77,83,LM,CAM,340,385,155,60,1978,Burnley
M. Cornet LM LB CF,24,77,80,CF,ST,365,349,200,58,2117,Burnley
C. Wood ST,29,78,78,ST,ST,355,327,98,69,1898,Burnley
J. Rodriguez ST,31,74,74,SUB,ST,364,321,99,63,1874,Burnley
A. Barnes ST,31,74,74,SUB,ST,368,327,128,47,1920,Burnley
M. Vydra CF ST,29,73,73,SUB,CF,343,347,102,61,1916,Burnley
J. Cork CDM CM,32,75,75,SUB,CDM,323,349,221,52,1926,Burnley
E. Pieters LB LM,32,74,74,SUB,LB,284,331,223,61,1869,Burnley
N. Collins CB RB,20,71,82,SUB,CB,233,233,217,47,1537,Burnley
W. Hennessey GK,34,74,74,SUB,GK,76,95,44,372,1171,Burnley
C. Roberts RB RWB,25,75,78,SUB,RB,286,285,210,51,1826,Burnley
A. Lennon RM LM,34,73,73,SUB,RM,298,334,147,55,1844,Burnley
L. Richardson ST,18,61,76,SUB,ST,271,255,67,44,1478,Burnley
P. Bardsley RB,36,71,71,SUB,CB,297,304,226,45,1834,Burnley
K. Long CB,30,71,71,SUB,CB,227,236,214,44,1560,Burnley
D. Stephens CDM CM,32,73,73,RES,CDM,335,334,209,57,1913,Burnley
B. Thomas CB,20,61,76,RES,CB,205,193,187,55,1402,Burnley
W. Norris GK,27,65,67,RES,GK,74,101,42,319,1094,Burnley
O. Dodgson LB LM,18,56,68,RES,LWB,222,232,157,48,1441,Burnley
A. Glennon LB,21,62,70,RES,LB,253,248,171,41,1611,Burnley
M. Thompson ST RM,19,60,72,RES,ST,272,238,63,51,1462,Burnley
A. Gomez Mancini CM CAM,20,60,72,RES,CM,276,287,173,59,1679,Burnley
J. Bedeau CB,21,59,70,RES,CB,220,212,175,45,1485,Burnley
R. Harker ST,21,58,69,RES,ST,247,212,64,59,1415,Burnley
M. Helm CAM CM,19,58,71,RES,CAM,239,274,102,49,1530,Burnley
C. Maxwell GK,30,69,69,GK,GK,84,84,38,342,1130,Blackpool
J. Lawrence-Gabriel RB,22,67,74,RB,RB,233,254,192,58,1635,Blackpool
M. Ekpiteta CB,25,68,71,RCB,CB,215,217,202,38,1494,Blackpool
J. Husband CB LB,27,66,66,LCB,CB,266,295,203,61,1758,Blackpool
R. James LB CDM LM,27,67,67,LB,LB,267,278,191,44,1757,Blackpool
J. Bowler RM LM,22,66,73,RM,LM,273,292,110,55,1595,Blackpool
R. Wintle CDM CM,24,68,75,RCM,CM,280,320,187,54,1838,Blackpool
K. Dougall CDM CM,28,68,68,LCM,CDM,260,278,201,53,1777,Blackpool
K. Anderson LM CAM CM,26,68,69,LM,LM,301,304,160,41,1794,Blackpool
S. Lavery ST,22,66,74,RS,ST,293,261,52,58,1572,Blackpool
J. Yates ST,24,68,72,LS,ST,302,277,74,45,1713,Blackpool
G. Madine ST,30,65,65,SUB,ST,302,241,73,54,1606,Blackpool
O. Dale RM RW,22,66,72,SUB,RM,277,274,78,51,1620,Blackpool
R. Keogh CB,34,67,67,SUB,CB,241,245,203,63,1572,Blackpool
D. Sterling RB,21,67,76,SUB,RB,259,256,194,39,1665,Blackpool
C. Connolly CB RB,23,66,71,SUB,CB,283,297,195,50,1768,Blackpool
D. Mitchell LB RM,24,65,70,SUB,LM,293,315,177,53,1814,Blackpool
D. Grimshaw GK,23,61,71,SUB,GK,97,127,49,304,1100,Blackpool
L. Garbutt LB LWB,28,68,68,SUB,LB,286,342,193,54,1855,Blackpool
T. John-Jules ST,20,63,76,SUB,ST,277,260,51,30,1501,Blackpool
C. Hamilton RM LM,26,66,67,SUB,RM,281,273,163,61,1775,Blackpool
K. Stewart CDM CM,27,67,67,SUB,CDM,261,266,201,51,1726,Blackpool
S. Carey CAM CM,20,59,69,SUB,CAM,244,287,122,46,1493,Blackpool
D. Grtarsson CB,25,65,70,RES,CB,281,278,195,52,1728,Blackpool
G. Ward CM RM,26,65,66,RES,RM,288,307,163,44,1785,Blackpool
O. Casey CB CDM,20,61,72,RES,CB,207,204,186,56,1348,Blackpool
M. Virtue CM CDM,24,62,68,RES,CM,251,273,181,53,1716,Blackpool
O. arki RM RW,23,62,67,RES,ST,290,269,67,59,1545,Blackpool
C. Antwi CDM CM,19,56,69,RES,CDM,208,226,157,69,1467,Blackpool
S. Moore GK,26,59,62,RES,GK,109,104,51,292,1150,Blackpool
S. Dieng GK,26,72,75,GK,GK,75,116,31,352,1102,QPR
A. Adomah RM RWB,33,69,69,RWB,RM,311,317,151,49,1824,QPR
R. Dickie CB,25,73,77,RCB,CB,243,237,221,44,1639,QPR
J. Dunne CB,23,69,74,CB,CB,252,234,210,55,1532,QPR
Y. Barbet CB,28,71,72,LCB,CB,290,339,213,57,1881,QPR
L. Wallace LWB LB,33,67,67,LWB,LWB,274,278,195,48,1748,QPR
A. Dozzell CM CDM,22,67,74,RCM,LM,299,321,187,52,1844,QPR
S. Johansen CM CDM,30,72,72,LCM,CM,326,361,206,53,1986,QPR
I. Chair CAM CM,23,71,77,CAM,CAM,292,334,90,55,1693,QPR
L. Dykes ST,25,71,73,RS,ST,309,254,74,45,1691,QPR
C. Willock RM ST,23,72,77,LS,RM,313,304,75,45,1692,QPR
A. Gray ST,30,72,72,SUB,ST,332,293,70,61,1817,QPR
C. Austin ST,31,71,71,SUB,ST,341,283,79,49,1712,QPR
D. Ball CDM CM,25,68,72,SUB,CDM,248,245,194,61,1661,QPR
L. Amos CDM CM CAM,24,67,75,SUB,CM,253,305,194,54,1721,QPR
J. de Wijs CB,26,70,73,SUB,CB,236,292,208,55,1640,QPR
M. Odubajo RWB RB LWB,27,69,69,SUB,RWB,273,282,202,57,1841,QPR
J. Archer GK,28,66,68,SUB,GK,88,103,47,331,1117,QPR
S. McCallum LWB LB,20,70,80,SUB,LWB,297,326,195,59,1854,QPR
S. Field CM CDM,23,67,75,SUB,CM,289,303,191,51,1749,QPR
O. Kakay RWB RB CB,23,67,72,SUB,RWB,222,227,202,32,1492,QPR
G. Thomas CAM RM,24,63,69,SUB,RM,287,305,100,52,1707,QPR
S. Duke-McKenna RM LM CAM,20,59,72,SUB,CAM,252,265,110,51,1506,QPR
C. Owens CM CAM,23,61,67,RES,CAM,270,302,157,52,1656,QPR
D. Barnes GK,25,61,67,RES,GK,108,134,59,301,1242,QPR
J. Walsh GK,19,55,72,RES,GK,83,102,42,284,1090,QPR
O. Alfa LW ST,22,56,67,RES,ST,242,231,49,41,1408,QPR
J. Gubbins CB,19,53,68,RES,CB,170,162,160,52,1212,QPR
C. Kelman ST,19,61,77,RES,ST,256,257,72,48,1565,QPR
K. Prince ST CF,30,75,75,RES,ST,317,321,118,61,1855,QPR
B. Hamer GK,33,67,67,GK,GK,84,98,39,330,1169,Swansea
E. Laird RWB,19,70,82,RWB,RWB,281,284,196,51,1803,Swansea
R. Bennett CB,31,71,71,RCB,CB,200,184,221,54,1359,Swansea
K. Naughton CB RWB RB,32,70,70,CB,CB,304,270,216,51,1812,Swansea
R. Manning LWB LB CB,25,72,76,LCB,LWB,289,335,202,53,1912,Swansea
J. Bidwell LWB LB,28,72,72,LWB,LWB,280,317,206,62,1833,Swansea
F. Downes CDM CM,22,67,75,RCM,CDM,271,297,194,56,1794,Swansea
M. Grimes CM CDM,25,74,76,LCM,CM,292,363,205,59,1937,Swansea
O. Ntcham CM CAM RW,25,71,76,RW,CAM,322,367,189,48,1994,Swansea
J. Piroe ST,21,70,78,ST,ST,312,282,76,50,1666,Swansea
J. Paterson LW CM CAM,29,72,72,LW,LW,324,343,110,53,1789,Swansea
M. Obafemi ST,20,68,79,SUB,ST,304,279,56,56,1686,Swansea
L. Cullen ST,22,64,74,SUB,ST,296,284,88,46,1586,Swansea
J. Fulton CDM CM,27,71,73,SUB,CB,291,287,218,48,1814,Swansea
K. Smith CM CDM,30,69,69,SUB,CDM,288,324,206,45,1856,Swansea
B. Cabango CB,21,72,82,SUB,CB,210,188,217,44,1482,Swansea
J. Latibeaudiere CB RB,21,65,74,SUB,CB,240,237,197,43,1577,Swansea
S. Benda GK,22,65,72,SUB,GK,57,66,26,318,910,Swansea
R. Williams CB,20,65,81,SUB,CB,228,240,190,50,1516,Swansea
M. Whittaker RW ST,20,61,75,SUB,ST,270,261,64,53,1518,Swansea
Y. Dhanda CAM CM,22,67,74,SUB,CAM,282,330,148,45,1720,Swansea
B. Cooper CB,21,62,73,SUB,CB,206,179,196,43,1382,Swansea
L. Walsh CM CDM,23,69,76,SUB,CAM,315,347,178,47,1904,Swansea
D. Williams CM CDM,20,57,71,RES,CM,238,255,161,63,1568,Swansea
T. Rushesha RWB RB,18,56,74,RES,RWB,198,201,156,54,1400,Swansea
L. Webb GK,19,54,70,RES,GK,58,72,34,272,850,Swansea
L. McFayden LWB LB,19,52,63,RES,LB,180,173,148,53,1291,Swansea
N. Defreitas-Hansen GK,19,54,67,RES,GK,71,81,36,269,861,Swansea
J. Searle GK,20,51,64,RES,GK,57,64,32,255,805,Swansea
S. Butler CB,18,54,70,RES,CB,149,136,173,41,1182,Swansea
C. Evans CB,20,58,69,SUB,CB,182,205,175,53,1291,Swansea
K. Joseph ST,19,60,75,LS,ST,261,229,53,43,1444,Swansea
O. Cooper CAM LW,21,62,71,RCM,CAM,272,290,140,52,1624,Swansea
J. Garrick ST RWB,22,63,70,SUB,ST,290,268,120,47,1649,Swansea
T. Krul GK,33,77,77,GK,GK,94,95,45,379,1248,Norwich
M. Aarons RB,21,75,83,RB,RWB,274,293,216,46,1799,Norwich
G. Hanley CB,29,75,75,RCB,CB,223,217,230,49,1536,Norwich
B. Gibson CB,28,72,73,LCB,CB,216,219,219,63,1528,Norwich
B. Williams LB RB,20,74,79,LB,LB,315,297,213,48,1889,Norwich
M. Normann CDM CM,25,76,82,CDM,CDM,311,356,211,49,2022,Norwich
J. Sargent ST RW,21,71,82,RM,ST,326,314,109,41,1812,Norwich
B. Gilmour CM CDM,20,72,86,RCM,CM,299,332,205,50,1846,Norwich
K. McLean CM CDM,29,73,73,LCM,CM,315,355,195,60,1983,Norwich
M. Rashica CF LM RM,25,76,81,LM,CAM,347,376,128,48,1987,Norwich
T. Pukki ST,31,76,76,ST,ST,334,291,75,45,1812,Norwich
P. Lees-Melou CM,28,76,76,SUB,CM,340,383,201,51,2046,Norwich
C. Tzolis LM RM ST,19,74,87,SUB,RM,351,348,101,53,1890,Norwich
L. Rupp CM CDM,30,73,73,SUB,CM,321,353,207,41,1941,Norwich
K. Dowell CAM LM,23,71,76,SUB,CAM,316,353,143,50,1773,Norwich
O. Kabak CB,21,75,84,SUB,CB,236,271,221,44,1703,Norwich
D. Giannoulis LB LWB,25,74,77,SUB,LB,288,311,215,53,1861,Norwich
A. Gunn GK,25,72,76,SUB,GK,94,123,50,355,1238,Norwich
A. Omobamidele CB,19,67,81,SUB,CB,202,220,207,40,1455,Norwich
T. Cantwell LM,23,75,82,SUB,CAM,318,364,116,63,1809,Norwich
A. Idah ST,20,67,79,SUB,ST,283,243,46,50,1523,Norwich
J. S√∏rensen LB CM CDM,23,70,76,SUB,LB,304,298,205,54,1838,Norwich
S. Byram LB RB,27,73,73,SUB,LB,308,294,215,63,1897,Norwich
C. Zimmermann CB,28,71,71,RES,CB,205,192,217,55,1442,Norwich
B. Mumba RB CM,19,65,78,RES,RB,239,285,190,56,1705,Norwich
P. P≈Çacheta LM,23,69,77,RES,LM,278,281,111,55,1726,Norwich
M. McGovern GK,36,67,67,RES,GK,67,75,38,333,1019,Norwich
R. Bushiri CB,21,65,74,RES,CB,184,180,189,50,1390,Norwich
F. Clarke CAM,18,57,73,RES,CAM,215,249,96,49,1391,Norwich
S. Hutchinson ST,20,56,70,RES,ST,240,226,49,61,1368,Norwich
T. Dickson-Peters ST,18,57,70,RES,ST,249,261,46,52,1409,Norwich
L. Gibbs CM,18,55,73,RES,CAM,243,242,140,45,1511,Norwich
J. McCracken GK,21,54,66,RES,GK,62,67,35,279,901,Norwich
L. Southwood GK,23,69,76,GK,GK,81,116,45,345,1229,Reading
A. Yiadom RB RWB CB,29,73,73,RB,RB,282,301,214,42,1890,Reading
L. Moore CB,28,69,69,RCB,CB,245,244,203,42,1635,Reading
S. Dann CB,34,73,73,LCB,CB,236,217,227,47,1477,Reading
B. Rahman LB LWB,26,73,74,LB,LB,298,304,206,50,1867,Reading
D. Drinkwater CDM CM,31,71,71,CDM,CDM,313,356,210,47,1863,Reading
A. Halilovi? CAM RM,25,70,74,RM,CAM,287,370,116,60,1770,Reading
J. Laurent CDM CM CB,26,71,74,RCM,CDM,303,306,209,64,1940,Reading
J. Swift CAM CM,26,75,78,LCM,CAM,336,385,178,47,1978,Reading
T. Dele-Bashiru CM RM LM,21,67,76,LM,CAM,283,309,181,47,1842,Reading
A. Carroll ST,32,71,71,ST,ST,360,288,126,56,1734,Reading
G. Pu?ca? ST,25,67,71,SUB,ST,299,292,97,48,1680,Reading
J. Hoilett LM RM ST,31,72,72,SUB,LM,330,337,93,50,1856,Reading
O. Ejaria LM CM CAM,23,72,77,SUB,CAM,303,349,202,59,1900,Reading
F. Azeez RM ST,20,64,77,SUB,ST,278,278,93,60,1658,Reading
D. Tetek CDM CM RB,18,64,77,SUB,CDM,260,286,186,40,1702,Reading
T. Holmes CB RB,21,67,76,SUB,CB,226,240,201,55,1527,Reading
Rafael GK,31,70,70,SUB,GK,89,91,41,336,1163,Reading
Y. M®¶?t®¶ ST RM,25,72,76,SUB,ST,340,289,140,47,1910,Reading
Lucas Jo?o ST,27,73,73,SUB,ST,324,297,63,57,1691,Reading
A. Rinomhota CDM CM RM,24,71,76,SUB,CDM,296,288,217,55,1893,Reading
M. Morrison CB,33,71,71,SUB,CB,228,215,213,37,1532,Reading
T. McIntyre CB LB CDM,22,68,76,SUB,CB,260,261,201,51,1624,Reading
J. Clarke ST LM,17,58,75,RES,ST,240,199,46,48,1412,Reading
Mamadi Camar®¢ CAM RM LM,17,57,73,RES,CAM,228,263,106,55,1486,Reading
Felipe Araruna RB CDM,25,66,69,RES,RWB,236,273,188,41,1613,Reading
C. Boyce-Clarke GK,18,59,81,RES,GK,68,82,34,298,878,Reading
T. Ashcroft RB RWB,16,56,71,RES,RB,200,196,156,52,1407,Reading
E. Bristow LB LWB LM,19,60,74,RES,LB,231,256,166,45,1534,Reading
N. Abbey CB LB,17,57,76,RES,CB,203,209,170,41,1384,Reading
A. McCarthy GK,31,76,76,GK,GK,89,102,38,366,1251,Southampton
T. Livramento RB RWB,18,69,85,RB,RB,280,307,189,56,1783,Southampton
J. Bednarek CB,25,76,82,RCB,CB,225,213,228,56,1563,Southampton
M. Salisu CB,22,77,85,LCB,CB,239,251,231,41,1634,Southampton
R. Perraud LB,23,77,83,LB,LWB,351,366,217,47,2092,Southampton
M. Elyounoussi LM ST RM,26,75,75,RM,LM,361,356,168,47,2002,Southampton
J. Ward-Prowse CM,26,81,82,RCM,CM,353,426,203,64,2139,Southampton
Oriol Romeu CDM CM,29,78,78,LCM,CDM,261,307,240,63,1812,Southampton
N. Redmond LM ST,27,76,76,LM,RW,301,360,89,58,1808,Southampton
C. Adams ST,24,76,81,RS,ST,334,323,111,65,1937,Southampton
A. Armstrong ST LW,24,76,82,LS,ST,345,338,84,55,1969,Southampton
S. Long ST,34,71,71,SUB,ST,344,284,82,55,1820,Southampton
S. Armstrong RM CM,29,77,77,SUB,RM,353,376,190,59,2079,Southampton
T. Walcott RM,32,75,75,SUB,RM,342,365,112,45,1885,Southampton
M. Djenepo LM RM,23,74,80,SUB,CAM,319,341,100,54,1871,Southampton
N. Tella LM ST,21,66,78,SUB,RM,269,273,91,41,1599,Southampton
K. Walker-Peters RB LB,24,77,82,SUB,RB,275,298,224,47,1819,Southampton
F. Forster GK,33,75,75,SUB,GK,91,101,36,363,1195,Southampton
J. Stephens CB,27,74,76,SUB,CB,262,317,226,57,1761,Southampton
Y. Valery RB RWB,22,71,79,SUB,RB,265,291,211,58,1822,Southampton
I. Diallo CDM CM,22,73,80,SUB,CDM,259,302,212,45,1821,Southampton
Lyanco CB,24,72,80,SUB,CB,239,238,218,47,1585,Southampton
A. Broja ST,19,70,84,SUB,ST,306,278,77,48,1668,Southampton
W. Smallbone CM RM,21,66,77,RES,CAM,288,336,170,44,1778,Southampton
H. Lewis GK,23,62,71,RES,GK,89,97,52,304,1057,Southampton
D. Simeu CB,19,58,75,RES,CB,194,200,170,51,1344,Southampton
C. Watts CM CDM,19,60,75,RES,RM,275,299,158,57,1613,Southampton
K. Chauke RM CM,18,58,75,RES,CAM,234,277,117,43,1474,Southampton
A. Tchaptchet CB,19,56,73,RES,CB,179,170,171,51,1317,Southampton
O. Olufunwa RB CB,19,57,67,RES,RB,210,218,161,58,1400,Southampton
R. Finnigan CM,17,55,73,RES,CAM,236,268,137,58,1549,Southampton
T. Small LB,16,58,77,RES,LB,199,218,166,48,1463,Southampton
S. McQueen LB,26,62,64,RES,CB,276,300,193,52,1641,Southampton
Guaita GK,34,80,80,GK,GK,117,125,55,396,1370,Crystal Palace
J. Ward RB,31,74,74,RB,RB,296,279,230,43,1799,Crystal Palace
J. Andersen CB,25,77,80,RCB,CB,263,285,231,58,1770,Crystal Palace
M. Gu®¶hi CB,20,74,85,LCB,CB,229,243,225,52,1635,Crystal Palace
T. Mitchell LB,21,74,81,LB,LB,254,277,227,57,1750,Crystal Palace
C. Kouyat®¶ CDM CB CM,31,77,77,CDM,CB,314,293,231,53,1949,Crystal Palace
C. Gallagher CM,21,77,84,RCM,CM,324,348,190,46,1967,Crystal Palace
J. McArthur CM CDM,33,75,75,LCM,CDM,334,341,226,45,1986,Crystal Palace
J. Ayew RW ST RM,29,75,75,RW,RW,365,360,125,45,1972,Crystal Palace
C. Benteke ST,30,75,75,ST,ST,361,320,71,44,1775,Crystal Palace
W. Zaha LW CF,28,82,82,LW,LW,341,364,96,61,1977,Crystal Palace
O. Edouard ST,23,76,83,SUB,ST,344,369,118,50,1972,Crystal Palace
J. Schlupp LW CM,28,75,75,SUB,LW,342,314,210,43,2024,Crystal Palace
E. Eze CAM CM LM,23,77,83,SUB,CAM,323,370,133,55,1946,Crystal Palace
L. Milivojevi? CDM CM,30,76,76,SUB,CDM,332,369,219,56,2029,Crystal Palace
M. Olise CAM RM LM,19,73,84,SUB,CAM,295,363,154,49,1887,Crystal Palace
J. Tomkins CB,32,75,75,SUB,CB,248,225,232,48,1520,Crystal Palace
J. Butland GK,28,73,74,SUB,GK,91,113,47,356,1319,Crystal Palace
J. Riedewald CDM,24,75,78,SUB,CDM,312,360,220,61,1923,Crystal Palace
M. Kelly CB RB,31,74,74,SUB,CB,288,284,228,41,1696,Crystal Palace
N. Clyne RB,30,74,74,SUB,RB,317,316,226,56,1929,Crystal Palace
W. Hughes CM CDM,26,75,77,SUB,CAM,331,360,209,55,1944,Crystal Palace
J. Mateta ST,24,74,79,SUB,ST,332,273,82,47,1720,Crystal Palace
J. Rak-Sakyi RW,18,61,77,RES,CAM,277,296,65,53,1521,Crystal Palace
R. Street ST CAM,19,61,74,RES,ST,278,226,74,57,1446,Crystal Palace
N. Ferguson RB LB,20,69,77,RES,RB,243,250,208,51,1610,Crystal Palace
R. Hannam LB,20,55,69,RES,LB,210,219,157,52,1391,Crystal Palace
S. Banks LW,19,59,73,RES,CAM,267,303,92,51,1525,Crystal Palace
R. Matthews GK,27,65,67,RES,GK,92,121,44,320,1147,Crystal Palace
J. Jach CB,27,64,67,RES,CB,253,267,185,52,1614,Crystal Palace
N. Kirby LW CM,21,60,72,RES,RM,247,272,119,44,1512,Crystal Palace
J. O'Brien CB,20,54,68,RES,CB,173,177,161,55,1278,Crystal Palace
O. Webber GK,21,51,64,RES,GK,47,60,27,255,771,Crystal Palace
A. Smithies GK,31,71,71,GK,GK,85,87,44,351,1222,Cardiff
P. Ng RWB RB LWB,25,70,74,RWB,RWB,275,280,198,47,1763,Cardiff
M. McGuinness CB,20,66,76,RCB,CB,225,233,194,51,1509,Cardiff
S. Morrison CB,30,72,72,CB,CB,204,194,213,65,1475,Cardiff
C. Nelson CB,28,70,72,LCB,CB,222,262,210,56,1688,Cardiff
R. Giles LWB LW,21,70,78,LWB,LWB,271,332,185,41,1817,Cardiff
W. Vaulks CDM CM,27,71,71,RCM,CDM,315,298,205,68,1905,Cardiff
M. Pack CDM CM CB,30,71,71,LCM,CDM,320,347,197,53,1909,Cardiff
L. Bacuna CM RWB RW,29,68,68,RW,RM,322,352,192,68,2014,Cardiff
K. Moore ST,28,74,74,ST,ST,342,302,130,50,1831,Cardiff
R. Colwill CAM RW LW,19,63,77,LW,CAM,273,283,118,52,1621,Cardiff
J. Collins ST LW,30,69,69,SUB,ST,312,288,110,57,1779,Cardiff
M. Harris ST LW RW,22,63,71,SUB,CAM,275,278,130,50,1639,Cardiff
I. Davies ST,19,57,74,SUB,ST,248,218,49,48,1404,Cardiff
J. Ralls CM CDM CAM,27,71,71,SUB,CM,324,353,208,60,1977,Cardiff
A. Flint CB,31,71,71,SUB,CB,243,184,207,52,1494,Cardiff
C. Brown CB LWB LB,23,63,70,SUB,CB,232,246,192,62,1568,Cardiff
D. Phillips GK,26,71,74,SUB,GK,97,105,60,346,1150,Cardiff
T. Sang RWB CM LWB,22,63,72,SUB,RWB,253,280,184,45,1618,Cardiff
C. Zimba ST,19,56,72,SUB,ST,242,234,95,46,1467,Cardiff
J. Bagan LWB LB,19,62,75,SUB,LWB,213,221,181,49,1444,Cardiff
K. Evans CAM LW RW,19,55,73,SUB,CAM,234,239,103,52,1453,Cardiff
I. Vassell ST,27,63,63,SUB,ST,274,231,75,64,1591,Cardiff
G. Ratcliffe GK,20,61,74,RES,GK,64,82,38,305,996,Cardiff
S. Bowen CDM CM,20,57,72,RES,RM,248,259,153,31,1549,Cardiff
T. D'Almeida CDM RB RWB,20,56,69,RES,CDM,244,273,160,46,1538,Cardiff
O. Denham CB RB,19,55,70,RES,CB,170,140,168,50,1263,Cardiff
K. Patten CDM CM,20,55,68,RES,CDM,230,237,160,53,1518,Cardiff
E. King CM,18,51,70,RES,RM,225,223,134,47,1449,Cardiff
I. Bakare CB RWB,19,53,68,RES,CB,153,137,152,60,1256,Cardiff
K. Schmeichel GK,34,85,85,GK,GK,105,126,41,415,1357,Leicester
Ricardo Pereira RB RWB,27,84,84,RB,RB,356,371,247,65,2187,Leicester
J. Evans CB,33,80,80,RCB,CB,280,258,247,67,1726,Leicester
?. S?y®πnc®π CB,25,80,82,LCB,CB,284,278,242,34,1840,Leicester
L. Thomas LWB LB,20,73,82,LB,LWB,284,305,206,52,1811,Leicester
Y. Tielemans CM CDM,24,85,87,RDM,CM,390,416,214,50,2200,Leicester
W. Ndidi CDM CM,24,85,88,LDM,CB,321,345,263,54,2109,Leicester
A. Lookman LM,23,77,82,RM,RM,327,336,74,54,1848,Leicester
H. Barnes LM LW,23,80,82,LM,CAM,343,376,136,40,1969,Leicester
J. Maddison CAM CM,24,82,84,CAM,CAM,344,419,166,65,2081,Leicester
J. Vardy ST,34,86,86,ST,ST,399,351,151,62,2142,Leicester
K. Iheanacho ST CF,24,78,81,SUB,ST,362,364,107,48,1934,Leicester
Ayoze P®¶rez RW,27,77,77,SUB,CF,372,363,164,57,2056,Leicester
P. Daka ST,22,77,84,SUB,ST,341,311,58,39,1848,Leicester
B. Soumar®¶ CDM CM,22,78,85,SUB,CDM,308,353,217,45,1984,Leicester
T. Castagne RB RM LWB,25,79,82,SUB,RB,322,316,224,63,1948,Leicester
R. Bertrand LWB LB,31,76,76,SUB,LWB,312,358,223,64,1961,Leicester
D. Ward GK,28,74,74,SUB,GK,80,113,46,361,1183,Leicester
D. Amartey CB RB CDM,26,76,78,SUB,CB,330,282,229,62,1895,Leicester
M. Albrighton RM RWB RW,31,76,76,SUB,RM,342,379,188,61,2010,Leicester
J. Vestergaard CB,28,77,77,SUB,CB,263,273,231,63,1708,Leicester
N. Mendy CDM CM,29,75,75,SUB,CDM,293,344,225,62,1952,Leicester
J. Justin LWB RWB,23,77,80,SUB,LWB,305,332,225,45,1901,Leicester
W. Fofana CB,20,78,86,RES,CB,251,271,237,55,1770,Leicester
E. Jakupovi? GK,36,64,64,RES,GK,89,92,37,315,1099,Leicester
H. Choudhury CDM CM,23,73,76,RES,CB,268,301,227,52,1823,Leicester
K. Dewsbury-Hall CM CDM,22,71,78,RES,CM,283,333,189,53,1837,Leicester
F. Benkovi? CB,23,71,76,RES,CB,227,275,210,47,1655,Leicester
T. Suengchitthawon CAM,21,60,71,RES,RM,272,301,131,56,1599,Leicester
J. Eppiah ST,22,63,68,RES,ST,300,275,75,55,1595,Leicester
V. Daley-Campbell RB,20,60,73,RES,RWB,233,236,171,56,1556,Leicester
A. Reghba CF,21,59,68,RES,CAM,261,278,63,57,1566,Leicester
S. Flynn LWB LB,19,56,70,RES,LM,231,244,150,65,1467,Leicester
M. Travers GK,22,70,79,GK,GK,89,90,43,341,1109,Bournemouth
J. Stacey RB RWB,25,73,75,RB,RB,301,304,208,54,1875,Bournemouth
G. Cahill CB,35,74,74,RCB,CB,270,250,228,43,1641,Bournemouth
L. Kelly CB LB,22,72,80,LCB,CB,267,287,218,46,1770,Bournemouth
J. Zemura LB LWB,21,67,75,LB,LB,225,243,187,50,1593,Bournemouth
G. Kilkenny CDM CM,21,65,75,CDM,CM,260,310,182,43,1717,Bournemouth
J. Lerma CDM CM,26,75,77,RCM,CDM,318,350,221,57,2048,Bournemouth
P. Billing CM CAM,25,75,79,LCM,CM,343,369,214,55,1998,Bournemouth
R. Christie RW CM,26,74,75,RW,CAM,319,366,204,49,2063,Bournemouth
D. Solanke ST,23,74,78,ST,ST,343,305,68,57,1790,Bournemouth
J. Anthony LW ST,21,69,77,LW,RM,311,305,58,52,1679,Bournemouth
J. Lowe ST LW RW,26,71,72,SUB,ST,324,311,108,43,1830,Bournemouth
M. Rogers LW RW,18,66,84,SUB,RM,296,288,121,53,1671,Bournemouth
L. Cook CM CDM,24,75,80,SUB,CM,317,370,204,61,1994,Bournemouth
B. Pearson CDM,26,74,76,SUB,CDM,261,299,217,59,1860,Bournemouth
A. Smith RB RWB LB,30,74,74,SUB,RB,305,337,217,47,1934,Bournemouth
C. Mepham CB RB LB,23,72,79,SUB,CB,242,263,219,58,1665,Bournemouth
?. Nyland GK,30,69,69,SUB,GK,85,117,40,347,1200,Bournemouth
E. Marcondes CAM CM,26,71,72,SUB,CAM,312,348,130,50,1839,Bournemouth
J. Stanislas LW LM RW,31,73,73,SUB,LW,313,372,84,40,1782,Bournemouth
L. Davis LB CB RW,21,65,77,SUB,LB,243,244,179,51,1577,Bournemouth
S. Cook CB,30,72,72,SUB,CB,246,255,219,59,1615,Bournemouth
R. Brady RW LW RM,29,71,71,SUB,CAM,330,368,202,47,1987,Bournemouth
Z. Ibsen Rossi CB RB,20,63,74,RES,CB,222,204,191,38,1479,Bournemouth
C. Saydee ST,19,61,76,RES,ST,267,245,55,50,1486,Bournemouth
W. Dennis GK,20,57,70,RES,GK,54,72,34,286,915,Bournemouth
R. Glover RW,20,54,68,RES,RM,235,248,128,46,1492,Bournemouth
B. Greenwood LB LWB,18,56,70,RES,LB,201,225,170,45,1409,Bournemouth
N. Moriah-Welsh CM,19,52,65,RES,RM,229,233,131,46,1465,Bournemouth
D. Brooks RW RM,23,76,82,RES,CAM,346,365,140,51,1937,Bournemouth
D. Bachmann GK,26,70,73,GK,GK,96,118,36,340,1206,Watford
Kiko Femen√≠a RB LB,30,75,75,RB,RB,315,330,216,64,1969,Watford
C. Cathcart CB RB,32,72,72,RCB,CB,241,247,222,48,1556,Watford
W. Troost-Ekong CB,27,73,75,LCB,CB,217,190,225,47,1521,Watford
A. Masina LB,27,74,75,LB,LB,282,309,220,54,1772,Watford
I. Louza CM CAM CDM,22,75,81,CDM,CM,304,372,191,39,1876,Watford
I. Sarr RM RW ST,23,77,85,RM,RM,332,353,62,49,1832,Watford
T. Cleverley CM CAM,31,74,74,RCM,CM,330,343,179,60,1943,Watford
M. Sissoko CDM CM,31,78,78,LCM,CDM,328,364,225,51,2053,Watford
E. Dennis ST LW LM,23,75,80,LM,ST,351,312,110,55,1884,Watford
J. King ST LM,29,75,75,ST,ST,353,338,99,51,1905,Watford
Jo√£o Pedro ST,19,71,84,SUB,ST,326,296,50,45,1646,Watford
O. Tufan CM CDM CAM,26,76,79,SUB,CM,328,365,219,50,2083,Watford
K. Sema LM LW LWB,27,73,73,SUB,LM,308,352,185,51,1918,Watford
N. Nkoulou CB,31,76,76,SUB,CB,298,261,230,41,1811,Watford
D. Rose LB,30,75,75,SUB,LB,327,340,228,55,1983,Watford
J. Ngakia RB RWB,20,70,81,SUB,RB,239,239,210,63,1593,Watford
B. Foster GK,38,78,78,SUB,GK,97,103,51,384,1260,Watford
J. Kucka CM CDM,34,77,77,SUB,CB,356,365,232,54,2128,Watford
J. Hern√°ndez ST RM LM,22,75,81,SUB,ST,340,332,127,46,1904,Watford
O. Etebo CM CDM,25,72,75,SUB,CDM,326,348,217,62,2082,Watford
C. Kabasele CB,30,75,75,SUB,CB,288,243,229,61,1743,Watford
F. Sierralta CB,24,72,78,SUB,CB,243,205,210,51,1500,Watford
A. Fletcher ST,25,69,72,RES,ST,280,238,72,50,1586,Watford
K. Baah LM RM,18,60,80,RES,RM,236,259,86,51,1536,Watford
R. Elliot GK,35,69,69,RES,GK,81,96,42,348,1145,Watford
D. Gosling CM,31,71,71,RES,CM,337,330,208,56,1913,Watford
R. Cassidy ST,20,60,69,RES,ST,268,239,53,55,1507,Watford
M. Pochettino RM,20,56,72,RES,RM,257,253,96,50,1436,Watford
D. Tour√© ST,18,60,80,RES,ST,264,240,37,53,1442,Watford
H. Wise CM,21,59,69,RES,CM,269,277,158,37,1594,Watford
Robert Sanch®¶z GK,23,77,83,GK,GK,102,128,46,381,1252,Brighton
J. Veltman RWB CB RB,29,77,77,RB,RWB,307,286,237,43,1853,Brighton
A. Webster CB,26,76,80,RCB,CB,257,263,229,51,1678,Brighton
L. Dunk CB,29,79,79,LCB,CB,256,331,239,58,1788,Brighton
Cucurella LWB LM LB,22,81,87,LB,LWB,341,366,225,50,2101,Brighton
P. Gro? CM RM CAM,30,77,77,RDM,CM,354,395,175,65,2037,Brighton
J. Moder CM LM CDM,22,74,83,LDM,CM,326,361,206,62,2032,Brighton
T. Lamptey RWB RB RM,20,74,84,RM,RWB,282,302,208,58,1812,Brighton
L. Trossard LM ST CAM,26,78,78,LM,LM,368,384,79,47,1951,Brighton
A. Lallana CM CAM,33,75,75,CAM,CAM,360,379,185,54,1997,Brighton
N. Maupay ST,24,77,82,ST,ST,364,323,118,52,1938,Brighton
D. Welbeck ST LW LM,30,73,73,SUB,ST,353,331,114,53,1852,Brighton
A. Connolly ST,21,70,77,SUB,ST,308,254,45,57,1648,Brighton
A. Mac Allister CAM CM,22,75,82,SUB,CAM,356,390,170,56,2000,Brighton
S. Alzate CM CAM LM,22,70,79,SUB,CAM,295,299,189,34,1798,Brighton
S. March LWB RW RM,26,75,76,SUB,LWB,321,360,207,55,1962,Brighton
S. Duffy CB,29,74,74,SUB,CB,251,230,218,56,1622,Brighton
K. Scherpen GK,21,69,81,SUB,GK,64,79,35,340,1034,Brighton
E. Mwepu CM CDM CAM,23,75,81,SUB,CAM,346,347,213,56,2081,Brighton
T. Richards CAM CM,20,66,78,SUB,CAM,282,305,156,57,1769,Brighton
D. Burn CB LB,29,75,75,SUB,CB,261,283,225,53,1635,Brighton
A. Tsoungui CB CDM,18,60,77,SUB,CB,188,166,188,57,1372,Brighton
J. Steele GK,30,65,65,SUB,GK,119,127,42,328,1156,Brighton
J. Furlong LWB LB,19,56,75,RES,LWB,198,219,163,53,1360,Brighton
H. Roberts CB,19,58,75,RES,CB,246,239,171,65,1605,Brighton
O. Offiah CB RB,18,59,79,RES,CB,198,212,189,58,1446,Brighton
A. Moran CAM,17,58,79,RES,CAM,251,291,131,69,1537,Brighton
J. Locadia ST LW LM,27,70,70,RES,ST,319,347,94,48,1815,Brighton
Z. Emmerson CF ST,16,55,74,RES,CAM,229,224,57,41,1326,Brighton
T. B?lu?? CDM CM,22,71,82,RES,CDM,192,256,214,38,1601,Brighton
J. Sarmiento RM LM,19,63,77,RES,RM,277,288,89,60,1555,Brighton
U. Eneme-Ella CAM CM,20,59,69,RES,CAM,242,287,129,52,1515,Brighton
Y. Bissouma CDM CM,24,79,84,RES,CM,333,372,233,48,2107,Brighton
L. Nicholls GK,28,66,68,GK,GK,88,99,36,326,1085,Huddersfield
S. Thomas RW RWB LWB,22,69,77,RWB,RM,292,322,127,45,1726,Huddersfield
M. Pearson CB RB,27,70,71,RCB,CB,264,233,207,63,1633,Huddersfield
T. Lees CB,30,69,69,CB,CB,241,229,210,65,1611,Huddersfield
L. Colwill CB,18,67,83,LCB,CB,234,268,200,61,1647,Huddersfield
H. Toffolo LWB LB,25,72,75,LWB,LWB,286,306,198,68,1844,Huddersfield
J. Hogg CDM CM,32,71,71,RCM,CDM,289,280,207,52,1821,Huddersfield
L. O'Brien CM CDM LB,22,70,78,LCM,CM,288,293,201,51,1829,Huddersfield
D. Sinani RW CM,24,67,71,RW,CAM,304,336,123,54,1793,Huddersfield
D. Ward ST,30,67,67,ST,ST,323,309,103,58,1771,Huddersfield
J. Koroma LW ST,22,69,76,LW,RM,286,271,100,51,1628,Huddersfield
D. Holmes LW RW CM,26,69,69,SUB,LW,300,309,154,49,1792,Huddersfield
F. Campbell ST,33,67,67,SUB,ST,333,278,105,60,1750,Huddersfield
Alex Vallejo CDM CM CB,29,66,66,SUB,CDM,252,270,191,49,1589,Huddersfield
S. High CM,20,63,76,SUB,CM,274,307,164,66,1710,Huddersfield
M. Sarr CB,27,68,70,SUB,CB,233,230,204,50,1470,Huddersfield
O. Turton RWB RB CB,28,65,65,SUB,RWB,242,247,183,56,1624,Huddersfield
R. Schofield GK,21,66,75,SUB,GK,66,70,39,324,925,Huddersfield
Pipa RWB RB RM,23,71,78,SUB,RWB,300,338,203,41,1864,Huddersfield
J. Rhodes ST,31,69,69,SUB,ST,328,242,96,53,1670,Huddersfield
A. Odubeko ST,18,60,78,SUB,ST,266,236,59,47,1456,Huddersfield
J. Ruffels LWB LB,27,68,68,SUB,LWB,278,304,193,55,1760,Huddersfield
R. Aarons LW RW LM,25,68,69,SUB,LW,308,325,111,48,1699,Huddersfield
A. Rowe RW RM LWB,20,62,74,RES,RM,258,287,85,56,1513,Huddersfield
R. Brown CM,25,67,71,RES,CAM,292,325,174,59,1900,Huddersfield
D. Grant LW LM RW,21,63,74,RES,RM,272,249,130,43,1599,Huddersfield
B. Jackson LWB LB,20,62,75,RES,LWB,227,245,180,54,1553,Huddersfield
K. Harratt ST,19,58,76,RES,ST,227,211,58,55,1383,Huddersfield
J. Russell CM,20,59,70,RES,CAM,263,274,172,53,1615,Huddersfield
G. Bellagambi GK,19,54,70,RES,GK,67,63,32,268,826,Huddersfield
W. Foderingham GK,30,70,70,GK,GK,97,108,43,350,1229,Sheffield United
J. Bogle RB RWB,20,72,82,RB,RM,284,309,207,49,1854,Sheffield United
J. Egan CB,28,75,76,RCB,CB,272,257,226,48,1740,Sheffield United
B. Davies CB,25,73,76,LCB,CB,283,278,225,52,1736,Sheffield United
E. Stevens LB LWB,30,73,73,LB,LB,268,327,214,55,1821,Sheffield United
O. Norwood CDM CM,30,73,73,RDM,CDM,336,373,204,58,1978,Sheffield United
J. Fleck CM CDM,29,73,73,LDM,CM,340,369,208,41,2059,Sheffield United
M. Gibbs-White CAM RM CM,21,72,81,RM,CAM,306,347,166,54,1874,Sheffield United
B. Osborn LM LWB CM,26,72,72,LM,LM,320,351,203,56,1912,Sheffield United
I. Ndiaye CAM ST,21,65,75,CAM,CAM,266,313,69,46,1540,Sheffield United
B. Sharp ST,35,72,72,ST,ST,356,302,101,45,1772,Sheffield United
D. McGoldrick ST,33,72,72,SUB,CF,354,353,82,51,1839,Sheffield United
O. McBurnie ST,25,71,75,SUB,ST,327,270,81,62,1695,Sheffield United
S. Berge CDM CM,23,76,82,SUB,CDM,321,348,215,51,1958,Sheffield United
C. Hourihane CM CDM,30,74,74,SUB,CM,336,365,196,51,2019,Sheffield United
C. Basham CB,32,74,74,SUB,CB,292,267,222,48,1746,Sheffield United
R. Norrington-Davies LB LWB,22,68,76,SUB,LB,261,272,197,60,1701,Sheffield United
J. Eastwood GK,24,61,67,SUB,GK,80,85,43,301,1036,Sheffield United
R. Olsen GK,31,75,75,SUB,GK,95,100,50,374,1188,Sheffield United
G. Baldock RB RWB,28,72,72,SUB,RB,277,289,208,57,1829,Sheffield United
J. Robinson CB LB,27,72,73,SUB,CB,261,278,220,57,1772,Sheffield United
L. Freeman LM CAM,29,70,70,SUB,LM,309,354,154,49,1883,Sheffield United
J. O'Connell CB,27,75,78,SUB,CB,282,268,224,46,1711,Sheffield United
A. Gu√©dioura CDM CM,35,68,68,RES,CDM,325,312,188,59,1856,Sheffield United
O. Burke ST RM,24,67,72,RES,RM,298,310,99,53,1743,Sheffield United
L. Mousset ST,25,70,74,RES,ST,315,290,56,61,1704,Sheffield United
M. Verrips GK,24,69,75,RES,GK,60,75,43,347,920,Sheffield United
R. Brewster ST,21,69,80,RES,ST,312,296,49,42,1665,Sheffield United
R. Slater CM CDM,21,61,71,RES,CM,262,285,166,39,1653,Sheffield United
K. Gordon CB,19,54,71,RES,CB,185,185,166,41,1283,Sheffield United
I. Meslier GK,21,77,85,GK,GK,102,128,58,382,1215,Leeds
S. Dallas CM LB RB,30,75,75,RB,CM,335,324,220,51,1998,Leeds
Diego Llorente CB,27,78,80,RCB,CB,279,271,225,47,1802,Leeds
L. Cooper CB,29,75,75,LCB,CB,250,236,228,56,1655,Leeds
P. Struijk CB CDM LB,21,74,83,LB,CB,243,275,223,54,1685,Leeds
K. Phillips CDM CM CB,25,81,85,CDM,CDM,335,368,240,50,2101,Leeds
Raphinha RM RW,24,82,87,RM,LM,343,398,137,50,2101,Leeds
A. Forshaw CM CDM,29,73,73,RCM,CM,306,355,199,58,1908,Leeds
M. Klich CM,31,74,74,LCM,CM,325,361,177,64,1987,Leeds
D. James LM RM ST,23,77,82,LM,RM,319,335,133,48,1925,Leeds
P. Bamford ST,27,78,78,ST,ST,357,338,97,49,1933,Leeds
Rodrigo CAM ST CM,30,78,78,SUB,ST,384,374,127,46,2044,Leeds
J. Harrison LM RM,24,77,80,SUB,LM,327,344,129,46,1907,Leeds
T. Roberts CAM CM ST,22,72,79,SUB,CAM,330,315,97,55,1817,Leeds
C. Summerville RM LM,19,68,80,SUB,RM,276,306,71,54,1616,Leeds
R. Koch CB CDM,24,77,84,SUB,CB,248,259,234,44,1732,Leeds
J. Shackleton RB CM,21,70,80,SUB,RM,262,298,188,59,1793,Leeds
K. Klaesson GK,20,63,76,SUB,GK,77,101,37,313,1056,Leeds
L. Ayling RB CB,29,76,76,SUB,RB,308,286,233,48,1879,Leeds
C. Drameh RB RWB,19,63,80,SUB,RB,232,241,172,52,1574,Leeds
Junior Firpo LB LWB,24,77,80,SUB,LB,340,322,217,49,1961,Leeds
J. Gelhardt ST CAM,19,67,83,SUB,ST,294,294,71,47,1636,Leeds
S. Greenwood CF CAM CM,19,65,82,SUB,CAM,296,322,90,52,1674,Leeds
C. Cresswell CB,18,63,81,RES,CB,219,221,187,56,1398,Leeds
L. Hjelde CB LB,17,60,79,RES,CB,230,221,179,51,1460,Leeds
D. van den Heuvel GK,18,59,79,RES,GK,69,86,31,296,916,Leeds
J. Jenkins CDM CM,19,61,77,RES,CDM,226,254,170,55,1563,Leeds
A. Miller RM LM ST,18,60,79,RES,RM,242,245,95,39,1449,Leeds
L. Bate CDM CM,18,63,83,RES,CAM,262,305,169,42,1692,Leeds
S. McGurk CAM LM,18,61,80,RES,CAM,279,281,133,35,1575,Leeds
L. McCarron LB LWB LM,20,60,77,RES,LB,261,246,149,58,1587,Leeds
